shipment_key,tracking_number,missing_tracking_number,ambiguous_tracking,distinct_carrier_count,distinct_order_count,carrier,origin_city,origin_country,origin_known,current_status,current_status_source_value,current_status_source,current_status_event_ts_utc,is_terminal,has_status_conflict,has_post_terminal_event,has_clock_anomaly,first_event_ts_utc,last_event_ts_utc,event_count,warehouse_event_count,carrier_event_count,source_system_count,dwh_loaded_at_utc
Aramex:TRACK-0004,TRACK-0004,false,false,1,1,Aramex,Dubai,AE,true,in_transit,in_transit,warehouse,2026-03-03T12:53:00.000Z,false,false,false,false,2026-03-03T12:53:00.000Z,2026-03-03T12:53:00.000Z,1,1,0,1,2026-06-02T18:42:05.560Z
Aramex:TRACK-0008,TRACK-0008,false,false,1,1,Aramex,Dubai,AE,true,cancelled,cancelled,warehouse,2026-03-07T01:38:00.000Z,true,false,false,false,2026-03-07T01:38:00.000Z,2026-03-07T01:38:00.000Z,1,1,0,1,2026-06-02T18:42:05.560Z
Aramex:TRACK-0043,TRACK-0043,false,true,1,2,null,null,null,false,processing,processing,warehouse,2026-03-07T23:17:00.000Z,false,false,false,false,2026-03-07T07:54:00.000Z,2026-03-07T23:17:00.000Z,2,2,0,1,2026-06-02T18:42:05.560Z
Aramex:TRACK-0063,TRACK-0063,false,false,1,1,Aramex,Dubai,AE,true,shipped,shipped,warehouse,2026-03-13T05:24:00.000Z,false,false,false,false,2026-03-13T05:24:00.000Z,2026-03-13T05:24:00.000Z,1,1,0,1,2026-06-02T18:42:05.560Z
Aramex:TRACK-0091,TRACK-0091,false,false,1,1,Aramex,Dubai,AE,true,processing,processing,warehouse,2026-03-13T17:53:00.000Z,false,false,false,false,2026-03-13T17:53:00.000Z,2026-03-13T17:53:00.000Z,1,1,0,1,2026-06-02T18:42:05.560Z
Aramex:TRACK-0114,TRACK-0114,false,false,1,1,Aramex,Dubai,AE,true,processing,processing,warehouse,2026-03-05T22:01:00.000Z,false,false,false,false,2026-03-05T22:01:00.000Z,2026-03-05T22:01:00.000Z,1,1,0,1,2026-06-02T18:42:05.560Z
Aramex:TRACK-0123,TRACK-0123,false,false,1,1,Aramex,Dubai,AE,true,processing,processing,warehouse,2026-03-17T05:41:00.000Z,false,false,false,false,2026-03-17T05:41:00.000Z,2026-03-17T05:41:00.000Z,1,1,0,1,2026-06-02T18:42:05.560Z
Aramex:TRACK-0129,TRACK-0129,false,false,1,1,Aramex,Dubai,AE,true,processing,processing,warehouse,2026-03-16T23:01:00.000Z,false,false,false,false,2026-03-16T23:01:00.000Z,2026-03-16T23:01:00.000Z,1,1,0,1,2026-06-02T18:42:05.560Z
Aramex:TRACK-0135,TRACK-0135,false,false,1,1,Aramex,Dubai,AE,true,packed,packed,warehouse,2026-03-12T14:38:00.000Z,false,false,false,false,2026-03-12T14:38:00.000Z,2026-03-12T14:38:00.000Z,1,1,0,1,2026-06-02T18:42:05.560Z
Aramex:TRACK-0136,TRACK-0136,false,false,1,1,Aramex,Dubai,AE,true,shipped,shipped,warehouse,2026-03-14T10:08:00.000Z,false,false,false,false,2026-03-14T10:08:00.000Z,2026-03-14T10:08:00.000Z,1,1,0,1,2026-06-02T18:42:05.560Z
Aramex:TRACK-0164,TRACK-0164,false,false,1,1,Aramex,Dubai,AE,true,exception,exception,warehouse,2026-03-09T22:46:00.000Z,false,false,false,false,2026-03-09T22:46:00.000Z,2026-03-09T22:46:00.000Z,1,1,0,1,2026-06-02T18:42:05.560Z
Aramex:TRACK-0165,TRACK-0165,false,false,1,1,Aramex,Dubai,AE,true,shipped,shipped,warehouse,2026-03-18T19:19:00.000Z,false,false,false,true,2026-03-18T19:19:00.000Z,2026-03-18T19:19:00.000Z,1,1,0,1,2026-06-02T18:42:05.560Z
Aramex:TRACK-0173,TRACK-0173,false,false,1,1,Aramex,Dubai,AE,true,in_transit,in_transit,warehouse,2026-03-14T14:45:00.000Z,false,false,false,false,2026-03-14T14:45:00.000Z,2026-03-14T14:45:00.000Z,1,1,0,1,2026-06-02T18:42:05.560Z
Aramex:TRACK-0182,TRACK-0182,false,false,1,1,Aramex,Dubai,AE,true,shipped,shipped,warehouse,2026-03-15T19:29:00.000Z,false,false,false,false,2026-03-15T19:29:00.000Z,2026-03-15T19:29:00.000Z,1,1,0,1,2026-06-02T18:42:05.560Z
Aramex:TRACK-0185,TRACK-0185,false,false,1,1,Aramex,Dubai,AE,true,processing,processing,warehouse,2026-03-04T13:05:00.000Z,false,false,false,false,2026-03-04T13:05:00.000Z,2026-03-04T13:05:00.000Z,1,1,0,1,2026-06-02T18:42:05.560Z
Aramex:TRACK-0213,TRACK-0213,false,false,1,1,Aramex,Dubai,AE,true,processing,processing,warehouse,2026-03-13T15:17:00.000Z,false,false,false,false,2026-03-13T15:17:00.000Z,2026-03-13T15:17:00.000Z,1,1,0,1,2026-06-02T18:42:05.560Z
Aramex:TRACK-0222,TRACK-0222,false,false,1,1,Aramex,Dubai,AE,true,in_transit,in_transit,warehouse,2026-03-03T23:22:00.000Z,false,false,false,false,2026-03-03T23:22:00.000Z,2026-03-03T23:22:00.000Z,1,1,0,1,2026-06-02T18:42:05.560Z
Aramex:TRACK-0253,TRACK-0253,false,false,1,1,Aramex,Dubai,AE,true,processing,processing,warehouse,2026-03-05T15:47:00.000Z,false,false,false,false,2026-03-05T15:47:00.000Z,2026-03-05T15:47:00.000Z,1,1,0,1,2026-06-02T18:42:05.560Z
Aramex:TRACK-0258,TRACK-0258,false,false,1,1,Aramex,Dubai,AE,true,shipped,shipped,warehouse,2026-03-02T13:21:00.000Z,false,false,false,false,2026-03-02T13:21:00.000Z,2026-03-02T13:21:00.000Z,1,1,0,1,2026-06-02T18:42:05.560Z
Australia Post:TRACK-0011,TRACK-0011,false,false,1,1,Australia Post,Sydney,AU,true,processing,processing,warehouse,2026-03-17T20:03:00.000Z,false,false,false,false,2026-03-17T20:03:00.000Z,2026-03-17T20:03:00.000Z,1,1,0,1,2026-06-02T18:42:05.560Z
Australia Post:TRACK-0012,TRACK-0012,false,false,1,1,Australia Post,Sydney,AU,true,shipped,SHIPPED,warehouse,2026-03-07T16:28:00.000Z,false,false,false,false,2026-03-07T16:28:00.000Z,2026-03-07T16:28:00.000Z,1,1,0,1,2026-06-02T18:42:05.560Z
Australia Post:TRACK-0013,TRACK-0013,false,false,1,1,Australia Post,Sydney,AU,true,in_transit,in_transit,warehouse,2026-03-19T08:12:00.000Z,false,false,false,false,2026-03-19T08:12:00.000Z,2026-03-19T08:12:00.000Z,1,1,0,1,2026-06-02T18:42:05.560Z
Australia Post:TRACK-0027,TRACK-0027,false,false,1,1,Australia Post,Sydney,AU,true,shipped,shipped,warehouse,2026-03-03T06:20:00.000Z,false,false,false,false,2026-03-03T06:20:00.000Z,2026-03-03T06:20:00.000Z,1,1,0,1,2026-06-02T18:42:05.560Z
Australia Post:TRACK-0036,TRACK-0036,false,false,1,1,Australia Post,Sydney,AU,true,shipped,shipped,warehouse,2026-03-06T06:50:00.000Z,false,false,false,true,2026-03-06T06:50:00.000Z,2026-03-06T06:50:00.000Z,1,1,0,1,2026-06-02T18:42:05.560Z
Australia Post:TRACK-0046,TRACK-0046,false,false,1,1,Australia Post,Sydney,AU,true,packed,packed,warehouse,2026-03-11T18:20:00.000Z,false,false,false,false,2026-03-11T18:20:00.000Z,2026-03-11T18:20:00.000Z,1,1,0,1,2026-06-02T18:42:05.560Z
Australia Post:TRACK-0048,TRACK-0048,false,false,1,1,Australia Post,Sydney,AU,true,shipped,shipped,warehouse,2026-03-09T08:42:00.000Z,false,false,false,false,2026-03-09T08:42:00.000Z,2026-03-09T08:42:00.000Z,1,1,0,1,2026-06-02T18:42:05.560Z
Australia Post:TRACK-0049,TRACK-0049,false,false,1,1,Australia Post,Sydney,AU,true,processing,processing,warehouse,2026-03-07T15:34:00.000Z,false,false,false,true,2026-03-07T15:34:00.000Z,2026-03-07T15:34:00.000Z,1,1,0,1,2026-06-02T18:42:05.560Z
Australia Post:TRACK-0072,TRACK-0072,false,false,1,1,Australia Post,Sydney,AU,true,processing,processing,warehouse,2026-03-08T18:10:00.000Z,false,false,false,false,2026-03-08T18:10:00.000Z,2026-03-08T18:10:00.000Z,1,1,0,1,2026-06-02T18:42:05.560Z
Australia Post:TRACK-0084,TRACK-0084,false,false,1,1,Australia Post,Sydney,AU,true,in_transit,in_transit,warehouse,2026-03-02T04:56:00.000Z,false,false,false,true,2026-03-02T04:56:00.000Z,2026-03-02T04:56:00.000Z,1,1,0,1,2026-06-02T18:42:05.560Z
Australia Post:TRACK-0106,TRACK-0106,false,false,1,1,Australia Post,Sydney,AU,true,packed,PACKED,warehouse,2026-03-19T21:49:00.000Z,false,false,false,false,2026-03-19T21:49:00.000Z,2026-03-19T21:49:00.000Z,1,1,0,1,2026-06-02T18:42:05.560Z
Australia Post:TRACK-0148,TRACK-0148,false,false,1,1,Australia Post,Sydney,AU,true,processing,processing,warehouse,2026-03-12T01:42:00.000Z,false,false,false,false,2026-03-12T01:42:00.000Z,2026-03-12T01:42:00.000Z,1,1,0,1,2026-06-02T18:42:05.560Z
Australia Post:TRACK-0161,TRACK-0161,false,false,1,1,Australia Post,Sydney,AU,true,packed,packed,warehouse,2026-03-09T10:37:00.000Z,false,false,false,false,2026-03-09T10:37:00.000Z,2026-03-09T10:37:00.000Z,1,1,0,1,2026-06-02T18:42:05.560Z
Australia Post:TRACK-0162,TRACK-0162,false,false,1,1,Australia Post,Sydney,AU,true,in_transit,in_transit,warehouse,2026-03-13T07:33:00.000Z,false,false,false,false,2026-03-13T07:33:00.000Z,2026-03-13T07:33:00.000Z,1,1,0,1,2026-06-02T18:42:05.560Z
Australia Post:TRACK-0172,TRACK-0172,false,false,1,1,Australia Post,Sydney,AU,true,in_transit,in_transit,warehouse,2026-03-17T13:32:00.000Z,false,false,false,false,2026-03-17T13:32:00.000Z,2026-03-17T13:32:00.000Z,1,1,0,1,2026-06-02T18:42:05.560Z
Australia Post:TRACK-0187,TRACK-0187,false,false,1,1,Australia Post,Sydney,AU,true,processing,processing,warehouse,2026-03-17T11:20:00.000Z,false,false,false,false,2026-03-17T11:20:00.000Z,2026-03-17T11:20:00.000Z,1,1,0,1,2026-06-02T18:42:05.560Z
Australia Post:TRACK-0210,TRACK-0210,false,false,1,1,Australia Post,Sydney,AU,true,in_transit,in_transit,warehouse,2026-03-14T01:03:00.000Z,false,false,false,false,2026-03-14T01:03:00.000Z,2026-03-14T01:03:00.000Z,1,1,0,1,2026-06-02T18:42:05.560Z
Australia Post:TRACK-0212,TRACK-0212,false,false,1,1,Australia Post,Sydney,AU,true,delivered,delivered,warehouse,2026-03-09T14:39:00.000Z,true,false,false,false,2026-03-09T14:39:00.000Z,2026-03-09T14:39:00.000Z,1,1,0,1,2026-06-02T18:42:05.560Z
Australia Post:TRACK-0254,TRACK-0254,false,false,1,1,Australia Post,Sydney,AU,true,shipped,shipped,warehouse,2026-03-19T09:02:00.000Z,false,false,false,true,2026-03-19T09:02:00.000Z,2026-03-19T09:02:00.000Z,1,1,0,1,2026-06-02T18:42:05.560Z
Australia Post:TRK-121,TRK-121,false,false,1,1,Australia Post,Sydney,AU,true,processing,processing,warehouse,2026-03-19T21:10:00.000Z,false,false,false,false,2026-03-19T21:10:00.000Z,2026-03-19T21:10:00.000Z,1,1,0,1,2026-06-02T18:42:05.560Z
Australia Post:TRK-123,TRK-123,false,false,1,1,Australia Post,Sydney,AU,true,processing,processing,warehouse,2026-03-01T20:29:00.000Z,false,false,false,false,2026-03-01T20:29:00.000Z,2026-03-01T20:29:00.000Z,1,1,0,1,2026-06-02T18:42:05.560Z
DHL:DHL-0014,DHL-0014,false,false,1,0,DHL,null,null,false,returned,RETURNED,carrier,2026-03-06T18:57:00.000Z,true,false,false,false,2026-03-04T17:34:00.000Z,2026-03-06T18:57:00.000Z,4,0,4,1,2026-06-02T18:42:05.560Z
DHL:DHL-0031,DHL-0031,false,false,1,0,DHL,null,null,false,delivered,DELIVERED,carrier,2026-03-14T06:52:00.000Z,true,false,false,false,2026-03-13T05:03:00.000Z,2026-03-14T06:52:00.000Z,4,0,4,1,2026-06-02T18:42:05.560Z
DHL:DHL-0067,DHL-0067,false,false,1,0,DHL,null,null,false,delivered,DELIVERED,carrier,2026-03-11T01:17:00.000Z,true,false,false,false,2026-03-09T03:33:00.000Z,2026-03-11T01:17:00.000Z,4,0,4,1,2026-06-02T18:42:05.560Z
DHL:DHL-0071,DHL-0071,false,false,1,0,DHL,null,null,false,delivered,DELIVERED,carrier,2026-03-03T22:09:00.000Z,true,false,false,false,2026-03-02T08:19:00.000Z,2026-03-03T22:09:00.000Z,4,0,4,1,2026-06-02T18:42:05.560Z
DHL:EXP-0010,EXP-0010,false,false,1,0,DHL,null,null,false,delivered,DELIVERED,carrier,2026-03-12T23:31:00.000Z,true,false,false,false,2026-03-11T02:05:00.000Z,2026-03-12T23:31:00.000Z,5,0,5,1,2026-06-02T18:42:05.560Z
DHL:EXP-0028,EXP-0028,false,false,1,0,DHL,null,null,false,delivered,DELIVERED,carrier,2026-03-26T16:18:00.000Z,true,false,false,false,2026-03-24T05:24:00.000Z,2026-03-26T16:18:00.000Z,5,0,5,1,2026-06-02T18:42:05.560Z
DHL:EXP-0038,EXP-0038,false,false,1,0,DHL,null,null,false,delivered,DELIVERED,carrier,2026-03-27T13:22:00.000Z,true,false,false,false,2026-03-25T09:44:00.000Z,2026-03-27T13:22:00.000Z,5,0,5,1,2026-06-02T18:42:05.560Z
DHL:EXP-0051,EXP-0051,false,false,1,0,DHL,null,null,false,delivered,DELIVERED,carrier,2026-03-04T00:37:00.000Z,true,false,false,false,2026-03-02T22:07:00.000Z,2026-03-04T00:37:00.000Z,4,0,4,1,2026-06-02T18:42:05.560Z
DHL:EXP-0052,EXP-0052,false,false,1,0,DHL,null,null,false,delivered,DELIVERED,carrier,2026-03-15T20:49:00.000Z,true,false,false,false,2026-03-13T19:38:00.000Z,2026-03-15T20:49:00.000Z,5,0,5,1,2026-06-02T18:42:05.560Z
DHL:EXP-0074,EXP-0074,false,false,1,0,DHL,null,null,false,delivered,DELIVERED,carrier,2026-03-09T15:29:00.000Z,true,false,false,false,2026-03-07T23:55:00.000Z,2026-03-09T15:29:00.000Z,4,0,4,1,2026-06-02T18:42:05.560Z
DHL:TRACK-0001,TRACK-0001,false,false,1,1,DHL,Amsterdam,NL,true,in_transit,IN_TRANSIT,carrier,2026-03-02T06:10:00.000Z,false,false,false,false,2026-03-01T06:15:00.000Z,2026-03-02T06:10:00.000Z,4,2,2,2,2026-06-02T18:42:05.560Z
DHL:TRACK-0002,TRACK-0002,false,false,1,1,DHL,Dubai,AE,true,shipped,shipped,warehouse,2026-03-19T11:15:00.000Z,false,false,false,false,2026-03-19T11:15:00.000Z,2026-03-19T11:15:00.000Z,1,1,0,1,2026-06-02T18:42:05.560Z
DHL:TRACK-0004,TRACK-0004,false,false,1,1,DHL,London,GB,true,delivered,DELIVERED,carrier,2026-03-02T08:55:00.000Z,true,true,true,false,2026-03-02T08:55:00.000Z,2026-03-02T09:10:00.000Z,2,1,1,2,2026-06-02T18:42:05.560Z
DHL:TRACK-0006,TRACK-0006,false,false,1,1,DHL,Amsterdam,NL,true,cancelled,CANCELLED,carrier,2026-03-03T10:50:00.000Z,true,false,false,false,2026-03-03T09:45:00.000Z,2026-03-03T10:50:00.000Z,2,1,1,2,2026-06-02T18:42:05.560Z
DHL:TRACK-0007,TRACK-0007,false,false,1,1,DHL,Sydney,AU,true,delivered,delivered,warehouse,2026-03-08T00:40:00.000Z,true,false,false,false,2026-03-08T00:40:00.000Z,2026-03-08T00:40:00.000Z,1,1,0,1,2026-06-02T18:42:05.560Z
DHL:TRACK-0008,TRACK-0008,false,true,1,2,null,null,null,false,in_transit,in_transit,warehouse,2026-03-13T11:54:00.000Z,false,false,false,false,2026-02-28T21:55:00.000Z,2026-03-13T11:54:00.000Z,3,2,1,2,2026-06-02T18:42:05.560Z
DHL:TRACK-0021,TRACK-0021,false,false,1,1,DHL,Dubai,AE,true,shipped,shipped,warehouse,2026-03-06T12:22:00.000Z,false,false,false,false,2026-03-06T12:22:00.000Z,2026-03-06T12:22:00.000Z,1,1,0,1,2026-06-02T18:42:05.560Z
DHL:TRACK-0024,TRACK-0024,false,false,1,1,DHL,Amsterdam,NL,true,shipped,shipped,warehouse,2026-03-21T12:58:00.000Z,false,false,false,false,2026-03-21T12:58:00.000Z,2026-03-21T12:58:00.000Z,1,1,0,1,2026-06-02T18:42:05.560Z
DHL:TRACK-0025,TRACK-0025,false,false,1,1,DHL,Sydney,AU,true,processing,processing,warehouse,2026-03-15T06:17:00.000Z,false,false,false,false,2026-03-15T06:17:00.000Z,2026-03-15T06:17:00.000Z,1,1,0,1,2026-06-02T18:42:05.560Z
DHL:TRACK-0028,TRACK-0028,false,false,1,1,DHL,Amsterdam,NL,true,processing,processing,warehouse,2026-03-15T15:09:00.000Z,false,false,false,false,2026-03-15T15:09:00.000Z,2026-03-15T15:09:00.000Z,1,1,0,1,2026-06-02T18:42:05.560Z
DHL:TRACK-0031,TRACK-0031,false,false,1,1,DHL,Amsterdam,NL,true,received,received,warehouse,2026-03-15T10:37:00.000Z,false,false,false,false,2026-03-15T10:37:00.000Z,2026-03-15T10:37:00.000Z,1,1,0,1,2026-06-02T18:42:05.560Z
DHL:TRACK-0032,TRACK-0032,false,false,1,1,DHL,Sydney,AU,true,delivered,DELIVERED,carrier,2026-03-24T02:50:00.000Z,true,true,false,true,2026-03-10T02:14:00.000Z,2026-03-24T02:50:00.000Z,6,1,5,2,2026-06-02T18:42:05.560Z
DHL:TRACK-0033,TRACK-0033,false,true,1,2,null,null,null,false,processing,processing,warehouse,2026-03-21T06:28:00.000Z,false,false,false,false,2026-03-06T08:48:00.000Z,2026-03-21T06:28:00.000Z,2,2,0,1,2026-06-02T18:42:05.560Z
DHL:TRACK-0040,TRACK-0040,false,false,1,0,DHL,null,null,false,cancelled,CANCELLED,carrier,2026-03-17T07:22:00.000Z,true,false,false,false,2026-03-16T09:36:00.000Z,2026-03-17T07:22:00.000Z,2,0,2,1,2026-06-02T18:42:05.560Z
DHL:TRACK-0041,TRACK-0041,false,true,1,2,null,null,null,false,shipped,shipped,warehouse,2026-03-07T22:22:00.000Z,false,false,false,false,2026-03-02T18:50:00.000Z,2026-03-07T22:22:00.000Z,2,2,0,1,2026-06-02T18:42:05.560Z
DHL:TRACK-0043,TRACK-0043,false,false,1,1,DHL,Sydney,AU,true,in_transit,in_transit,warehouse,2026-03-07T12:56:00.000Z,false,false,false,false,2026-03-07T12:56:00.000Z,2026-03-07T12:56:00.000Z,1,1,0,1,2026-06-02T18:42:05.560Z
DHL:TRACK-0044,TRACK-0044,false,false,1,1,DHL,Sydney,AU,true,packed,packed,warehouse,2026-03-15T11:59:00.000Z,false,false,false,false,2026-03-15T11:59:00.000Z,2026-03-15T11:59:00.000Z,1,1,0,1,2026-06-02T18:42:05.560Z
DHL:TRACK-0047,TRACK-0047,false,false,1,1,DHL,Dubai,AE,true,shipped,shipped,warehouse,2026-03-10T17:48:00.000Z,false,false,false,false,2026-03-10T17:48:00.000Z,2026-03-10T17:48:00.000Z,1,1,0,1,2026-06-02T18:42:05.560Z
DHL:TRACK-0048,TRACK-0048,false,false,1,1,DHL,London,GB,true,delivered,delivered,warehouse,2026-03-11T12:52:00.000Z,true,false,false,false,2026-03-03T09:01:00.000Z,2026-03-11T12:52:00.000Z,7,1,6,2,2026-06-02T18:42:05.560Z
DHL:TRACK-0049,TRACK-0049,false,false,1,1,DHL,Sydney,AU,true,shipped,shipped,warehouse,2026-03-09T18:58:00.000Z,false,false,false,false,2026-03-09T18:58:00.000Z,2026-03-09T18:58:00.000Z,1,1,0,1,2026-06-02T18:42:05.560Z
DHL:TRACK-0054,TRACK-0054,false,false,1,1,DHL,Amsterdam,NL,true,cancelled,cancelled,warehouse,2026-03-07T18:25:00.000Z,true,false,false,false,2026-03-07T18:25:00.000Z,2026-03-07T18:25:00.000Z,1,1,0,1,2026-06-02T18:42:05.560Z
DHL:TRACK-0056,TRACK-0056,false,false,1,0,DHL,null,null,false,cancelled,CANCELLED,carrier,2026-03-10T03:50:00.000Z,true,false,false,false,2026-03-09T22:33:00.000Z,2026-03-10T03:50:00.000Z,2,0,2,1,2026-06-02T18:42:05.560Z
DHL:TRACK-0061,TRACK-0061,false,false,1,0,DHL,null,null,false,delivered,DELIVERED,carrier,2026-03-17T17:47:00.000Z,true,false,false,false,2026-03-14T17:22:00.000Z,2026-03-17T17:47:00.000Z,5,0,5,1,2026-06-02T18:42:05.560Z
DHL:TRACK-0063,TRACK-0063,false,false,1,1,DHL,Dubai,AE,true,exception,exception,warehouse,2026-03-21T05:00:00.000Z,false,false,false,false,2026-03-21T05:00:00.000Z,2026-03-21T05:00:00.000Z,1,1,0,1,2026-06-02T18:42:05.560Z
DHL:TRACK-0064,TRACK-0064,false,false,1,0,DHL,null,null,false,delivered,DELIVERED,carrier,2026-03-28T16:10:00.000Z,true,false,false,false,2026-03-25T14:30:00.000Z,2026-03-28T16:10:00.000Z,6,0,6,1,2026-06-02T18:42:05.560Z
DHL:TRACK-0066,TRACK-0066,false,false,1,1,DHL,Dubai,AE,true,exception,exception,warehouse,2026-03-08T21:12:00.000Z,false,false,false,true,2026-03-08T21:12:00.000Z,2026-03-08T21:12:00.000Z,1,1,0,1,2026-06-02T18:42:05.560Z
DHL:TRACK-0070,TRACK-0070,false,false,1,1,DHL,London,GB,true,cancelled,CANCELLED,carrier,2026-03-18T05:53:00.000Z,true,true,false,false,2026-03-08T05:03:00.000Z,2026-03-18T05:53:00.000Z,3,1,2,2,2026-06-02T18:42:05.560Z
DHL:TRACK-0071,TRACK-0071,false,false,1,1,DHL,Amsterdam,NL,true,processing,processing,warehouse,2026-03-10T22:08:00.000Z,false,false,false,false,2026-03-10T22:08:00.000Z,2026-03-10T22:08:00.000Z,1,1,0,1,2026-06-02T18:42:05.560Z
DHL:TRACK-0073,TRACK-0073,false,false,1,0,DHL,null,null,false,delivered,DELIVERED,carrier,2026-03-24T13:56:00.000Z,true,false,false,false,2026-03-22T04:12:00.000Z,2026-03-24T13:56:00.000Z,4,0,4,1,2026-06-02T18:42:05.560Z
DHL:TRACK-0078,TRACK-0078,false,false,1,1,DHL,Dubai,AE,true,processing,processing,warehouse,2026-03-09T21:06:00.000Z,false,false,false,false,2026-03-09T21:06:00.000Z,2026-03-09T21:06:00.000Z,1,1,0,1,2026-06-02T18:42:05.560Z
DHL:TRACK-0079,TRACK-0079,false,false,1,1,DHL,London,GB,true,in_transit,in_transit,warehouse,2026-03-12T11:42:00.000Z,false,false,false,false,2026-03-12T11:42:00.000Z,2026-03-12T11:42:00.000Z,1,1,0,1,2026-06-02T18:42:05.560Z
DHL:TRACK-0082,TRACK-0082,false,false,1,1,DHL,Dubai,AE,true,processing,processing,warehouse,2026-03-04T17:28:00.000Z,false,false,false,false,2026-03-04T17:28:00.000Z,2026-03-04T17:28:00.000Z,1,1,0,1,2026-06-02T18:42:05.560Z
DHL:TRACK-0085,TRACK-0085,false,false,1,1,DHL,Amsterdam,NL,true,processing,processing,warehouse,2026-03-15T15:48:00.000Z,false,false,false,false,2026-03-15T15:48:00.000Z,2026-03-15T15:48:00.000Z,1,1,0,1,2026-06-02T18:42:05.560Z
DHL:TRACK-0086,TRACK-0086,false,false,1,1,DHL,London,GB,true,in_transit,in_transit,warehouse,2026-03-14T07:17:00.000Z,false,false,false,false,2026-03-14T07:17:00.000Z,2026-03-14T07:17:00.000Z,1,1,0,1,2026-06-02T18:42:05.560Z
DHL:TRACK-0087,TRACK-0087,false,false,1,1,DHL,Dubai,AE,true,packed,packed,warehouse,2026-03-22T00:04:00.000Z,false,false,false,false,2026-03-22T00:04:00.000Z,2026-03-22T00:04:00.000Z,1,1,0,1,2026-06-02T18:42:05.560Z
DHL:TRACK-0088,TRACK-0088,false,false,1,1,DHL,Amsterdam,NL,true,processing,processing,warehouse,2026-03-11T02:42:00.000Z,false,false,false,false,2026-03-11T02:42:00.000Z,2026-03-11T02:42:00.000Z,1,1,0,1,2026-06-02T18:42:05.560Z
DHL:TRACK-0090,TRACK-0090,false,false,1,1,DHL,London,GB,true,delivered,delivered,warehouse,2026-03-05T14:06:00.000Z,true,false,false,false,2026-03-05T14:06:00.000Z,2026-03-05T14:06:00.000Z,1,1,0,1,2026-06-02T18:42:05.560Z
DHL:TRACK-0100,TRACK-0100,false,false,1,1,DHL,London,GB,true,shipped,shipped,warehouse,2026-03-10T16:49:00.000Z,false,false,false,false,2026-03-10T16:49:00.000Z,2026-03-10T16:49:00.000Z,1,1,0,1,2026-06-02T18:42:05.560Z
DHL:TRACK-0104,TRACK-0104,false,false,1,1,DHL,Sydney,AU,true,delivered,delivered,warehouse,2026-03-14T11:10:00.000Z,true,false,false,true,2026-03-14T11:10:00.000Z,2026-03-14T11:10:00.000Z,1,1,0,1,2026-06-02T18:42:05.560Z
DHL:TRACK-0116,TRACK-0116,false,false,1,1,DHL,Amsterdam,NL,true,shipped,shipped,warehouse,2026-03-11T16:25:00.000Z,false,false,false,false,2026-03-11T16:25:00.000Z,2026-03-11T16:25:00.000Z,1,1,0,1,2026-06-02T18:42:05.560Z
DHL:TRACK-0118,TRACK-0118,false,false,1,1,DHL,Dubai,AE,true,delivered,delivered,warehouse,2026-03-06T23:38:00.000Z,true,false,false,false,2026-03-06T23:38:00.000Z,2026-03-06T23:38:00.000Z,1,1,0,1,2026-06-02T18:42:05.560Z
DHL:TRACK-0122,TRACK-0122,false,false,1,1,DHL,Sydney,AU,true,received,received,warehouse,2026-03-09T02:55:00.000Z,false,false,false,false,2026-03-09T02:55:00.000Z,2026-03-09T02:55:00.000Z,1,1,0,1,2026-06-02T18:42:05.560Z
DHL:TRACK-0124,TRACK-0124,false,true,1,2,null,null,null,false,packed,packed,warehouse,2026-03-18T18:49:00.000Z,false,false,false,false,2026-03-15T06:10:00.000Z,2026-03-18T18:49:00.000Z,2,2,0,1,2026-06-02T18:42:05.560Z
DHL:TRACK-0131,TRACK-0131,false,false,1,1,DHL,Dubai,AE,true,delivered,delivered,warehouse,2026-03-16T07:39:00.000Z,true,false,false,false,2026-03-16T07:39:00.000Z,2026-03-16T07:39:00.000Z,1,1,0,1,2026-06-02T18:42:05.560Z
DHL:TRACK-0134,TRACK-0134,false,false,1,1,DHL,Amsterdam,NL,true,delivered,delivered,warehouse,2026-03-02T15:46:00.000Z,true,false,false,false,2026-03-02T15:46:00.000Z,2026-03-02T15:46:00.000Z,1,1,0,1,2026-06-02T18:42:05.560Z
DHL:TRACK-0136,TRACK-0136,false,false,1,1,DHL,London,GB,true,packed,packed,warehouse,2026-03-05T07:02:00.000Z,false,false,false,false,2026-03-05T07:02:00.000Z,2026-03-05T07:02:00.000Z,1,1,0,1,2026-06-02T18:42:05.560Z
DHL:TRACK-0141,TRACK-0141,false,true,1,2,null,null,null,false,processing,processing,warehouse,2026-03-17T19:32:00.000Z,false,false,false,false,2026-03-09T18:39:00.000Z,2026-03-17T19:32:00.000Z,2,2,0,1,2026-06-02T18:42:05.560Z
DHL:TRACK-0142,TRACK-0142,false,false,1,1,DHL,Amsterdam,NL,true,delivered,Delivered,warehouse,2026-03-05T13:58:00.000Z,true,false,false,false,2026-03-05T13:58:00.000Z,2026-03-05T13:58:00.000Z,1,1,0,1,2026-06-02T18:42:05.560Z
DHL:TRACK-0148,TRACK-0148,false,true,1,2,null,null,null,false,packed,packed,warehouse,2026-03-17T09:14:00.000Z,false,false,false,true,2026-03-10T21:38:00.000Z,2026-03-17T09:14:00.000Z,2,2,0,1,2026-06-02T18:42:05.560Z
DHL:TRACK-0150,TRACK-0150,false,false,1,1,DHL,Sydney,AU,true,packed,packed,warehouse,2026-03-02T02:01:00.000Z,false,false,false,false,2026-03-02T02:01:00.000Z,2026-03-02T02:01:00.000Z,1,1,0,1,2026-06-02T18:42:05.560Z
DHL:TRACK-0151,TRACK-0151,false,false,1,1,DHL,Amsterdam,NL,true,shipped,shipped,warehouse,2026-03-12T10:34:00.000Z,false,false,false,false,2026-03-12T10:34:00.000Z,2026-03-12T10:34:00.000Z,1,1,0,1,2026-06-02T18:42:05.560Z
DHL:TRACK-0152,TRACK-0152,false,true,1,3,null,null,null,false,delivered,delivered,warehouse,2026-03-18T17:16:00.000Z,true,false,false,false,2026-03-01T06:55:00.000Z,2026-03-18T17:16:00.000Z,3,3,0,1,2026-06-02T18:42:05.560Z
DHL:TRACK-0154,TRACK-0154,false,false,1,1,DHL,London,GB,true,processing,processing,warehouse,2026-03-04T05:53:00.000Z,false,false,false,false,2026-03-04T05:53:00.000Z,2026-03-04T05:53:00.000Z,1,1,0,1,2026-06-02T18:42:05.560Z
DHL:TRACK-0159,TRACK-0159,false,false,1,1,DHL,Dubai,AE,true,processing,processing,warehouse,2026-03-13T04:30:00.000Z,false,false,false,false,2026-03-13T04:30:00.000Z,2026-03-13T04:30:00.000Z,1,1,0,1,2026-06-02T18:42:05.560Z
DHL:TRACK-0160,TRACK-0160,false,false,1,1,DHL,Sydney,AU,true,packed,Packed,warehouse,2026-03-01T17:05:00.000Z,false,false,false,false,2026-03-01T17:05:00.000Z,2026-03-01T17:05:00.000Z,1,1,0,1,2026-06-02T18:42:05.560Z
DHL:TRACK-0167,TRACK-0167,false,false,1,1,DHL,Dubai,AE,true,packed,packed,warehouse,2026-03-20T12:07:00.000Z,false,false,false,false,2026-03-20T12:07:00.000Z,2026-03-20T12:07:00.000Z,1,1,0,1,2026-06-02T18:42:05.560Z
DHL:TRACK-0174,TRACK-0174,false,false,1,1,DHL,Amsterdam,NL,true,in_transit,in_transit,warehouse,2026-03-11T09:54:00.000Z,false,false,false,false,2026-03-11T09:54:00.000Z,2026-03-11T09:54:00.000Z,1,1,0,1,2026-06-02T18:42:05.560Z
DHL:TRACK-0176,TRACK-0176,false,false,1,1,DHL,Sydney,AU,true,processing,processing,warehouse,2026-03-20T08:08:00.000Z,false,false,false,true,2026-03-20T08:08:00.000Z,2026-03-20T08:08:00.000Z,1,1,0,1,2026-06-02T18:42:05.560Z
DHL:TRACK-0178,TRACK-0178,false,false,1,1,DHL,Dubai,AE,true,in_transit,IN_TRANSIT,warehouse,2026-03-09T23:47:00.000Z,false,false,false,false,2026-03-09T23:47:00.000Z,2026-03-09T23:47:00.000Z,1,1,0,1,2026-06-02T18:42:05.560Z
DHL:TRACK-0183,TRACK-0183,false,false,1,1,DHL,Amsterdam,NL,true,packed,packed,warehouse,2026-03-01T16:47:00.000Z,false,false,false,false,2026-03-01T16:47:00.000Z,2026-03-01T16:47:00.000Z,1,1,0,1,2026-06-02T18:42:05.560Z
DHL:TRACK-0184,TRACK-0184,false,false,1,1,DHL,Amsterdam,NL,true,processing,processing,warehouse,2026-03-06T17:06:00.000Z,false,false,false,false,2026-03-06T17:06:00.000Z,2026-03-06T17:06:00.000Z,1,1,0,1,2026-06-02T18:42:05.560Z
DHL:TRACK-0186,TRACK-0186,false,false,1,1,DHL,Amsterdam,NL,true,processing,processing,warehouse,2026-03-02T20:55:00.000Z,false,false,false,false,2026-03-02T20:55:00.000Z,2026-03-02T20:55:00.000Z,1,1,0,1,2026-06-02T18:42:05.560Z
DHL:TRACK-0189,TRACK-0189,false,false,1,1,DHL,Amsterdam,NL,true,exception,Exception,warehouse,2026-03-13T18:54:00.000Z,false,false,false,false,2026-03-13T18:54:00.000Z,2026-03-13T18:54:00.000Z,1,1,0,1,2026-06-02T18:42:05.560Z
DHL:TRACK-0194,TRACK-0194,false,false,1,1,DHL,Sydney,AU,true,in_transit,in_transit,warehouse,2026-03-20T11:56:00.000Z,false,false,false,false,2026-03-20T11:56:00.000Z,2026-03-20T11:56:00.000Z,1,1,0,1,2026-06-02T18:42:05.560Z
DHL:TRACK-0199,TRACK-0199,false,false,1,1,DHL,London,GB,true,packed,Packed,warehouse,2026-03-06T06:58:00.000Z,false,false,false,false,2026-03-06T06:58:00.000Z,2026-03-06T06:58:00.000Z,1,1,0,1,2026-06-02T18:42:05.560Z
DHL:TRACK-0203,TRACK-0203,false,false,1,1,DHL,Dubai,AE,true,processing,processing,warehouse,2026-03-04T20:06:00.000Z,false,false,false,false,2026-03-04T20:06:00.000Z,2026-03-04T20:06:00.000Z,1,1,0,1,2026-06-02T18:42:05.560Z
DHL:TRACK-0204,TRACK-0204,false,false,1,1,DHL,Sydney,AU,true,packed,packed,warehouse,2026-03-08T09:13:00.000Z,false,false,false,false,2026-03-08T09:13:00.000Z,2026-03-08T09:13:00.000Z,1,1,0,1,2026-06-02T18:42:05.560Z
DHL:TRACK-0205,TRACK-0205,false,false,1,1,DHL,Sydney,AU,true,shipped,shipped,warehouse,2026-03-05T12:38:00.000Z,false,false,false,true,2026-03-05T12:38:00.000Z,2026-03-05T12:38:00.000Z,1,1,0,1,2026-06-02T18:42:05.560Z
DHL:TRACK-0210,TRACK-0210,false,false,1,1,DHL,Amsterdam,NL,true,exception,exception,warehouse,2026-03-10T00:35:00.000Z,false,false,false,false,2026-03-10T00:35:00.000Z,2026-03-10T00:35:00.000Z,1,1,0,1,2026-06-02T18:42:05.560Z
DHL:TRACK-0212,TRACK-0212,false,true,1,2,null,null,null,false,in_transit,in_transit,warehouse,2026-03-07T21:37:00.000Z,false,false,false,false,2026-03-06T07:23:00.000Z,2026-03-07T21:37:00.000Z,2,2,0,1,2026-06-02T18:42:05.560Z
DHL:TRACK-0214,TRACK-0214,false,false,1,1,DHL,Dubai,AE,true,packed,PACKED,warehouse,2026-03-03T02:24:00.000Z,false,false,false,false,2026-03-03T02:24:00.000Z,2026-03-03T02:24:00.000Z,1,1,0,1,2026-06-02T18:42:05.560Z
DHL:TRACK-0216,TRACK-0216,false,false,1,1,DHL,Amsterdam,NL,true,in_transit,in_transit,warehouse,2026-03-01T07:06:00.000Z,false,false,false,false,2026-03-01T07:06:00.000Z,2026-03-01T07:06:00.000Z,1,1,0,1,2026-06-02T18:42:05.560Z
DHL:TRACK-0217,TRACK-0217,false,true,1,2,null,null,null,false,packed,packed,warehouse,2026-03-13T12:29:00.000Z,false,false,false,false,2026-03-06T16:01:00.000Z,2026-03-13T12:29:00.000Z,2,2,0,1,2026-06-02T18:42:05.560Z
DHL:TRACK-0220,TRACK-0220,false,false,1,1,DHL,Amsterdam,NL,true,exception,exception,warehouse,2026-03-11T17:19:00.000Z,false,false,false,false,2026-03-11T17:19:00.000Z,2026-03-11T17:19:00.000Z,1,1,0,1,2026-06-02T18:42:05.560Z
DHL:TRACK-0223,TRACK-0223,false,true,1,2,null,null,null,false,delivered,delivered,warehouse,2026-03-10T13:56:00.000Z,true,false,true,false,2026-03-10T13:56:00.000Z,2026-03-18T04:26:00.000Z,2,2,0,1,2026-06-02T18:42:05.560Z
DHL:TRACK-0225,TRACK-0225,false,false,1,1,DHL,London,GB,true,packed,packed,warehouse,2026-03-03T12:24:00.000Z,false,false,false,false,2026-03-03T12:24:00.000Z,2026-03-03T12:24:00.000Z,1,1,0,1,2026-06-02T18:42:05.560Z
DHL:TRACK-0226,TRACK-0226,false,false,1,1,DHL,Dubai,AE,true,delivered,delivered,warehouse,2026-03-07T06:47:00.000Z,true,false,false,false,2026-03-07T06:47:00.000Z,2026-03-07T06:47:00.000Z,1,1,0,1,2026-06-02T18:42:05.560Z
DHL:TRACK-0228,TRACK-0228,false,false,1,1,DHL,London,GB,true,in_transit,in_transit,warehouse,2026-03-07T09:41:00.000Z,false,false,false,false,2026-03-07T09:41:00.000Z,2026-03-07T09:41:00.000Z,1,1,0,1,2026-06-02T18:42:05.560Z
DHL:TRACK-0229,TRACK-0229,false,false,1,1,DHL,Sydney,AU,true,shipped,Shipped,warehouse,2026-03-12T09:48:00.000Z,false,false,false,true,2026-03-12T09:48:00.000Z,2026-03-12T09:48:00.000Z,1,1,0,1,2026-06-02T18:42:05.560Z
DHL:TRACK-0234,TRACK-0234,false,false,1,1,DHL,Sydney,AU,true,received,received,warehouse,2026-03-19T06:24:00.000Z,false,false,false,false,2026-03-19T06:24:00.000Z,2026-03-19T06:24:00.000Z,1,1,0,1,2026-06-02T18:42:05.560Z
DHL:TRACK-0238,TRACK-0238,false,false,1,1,DHL,Sydney,AU,true,in_transit,in_transit,warehouse,2026-03-12T07:25:00.000Z,false,false,false,true,2026-03-12T07:25:00.000Z,2026-03-12T07:25:00.000Z,1,1,0,1,2026-06-02T18:42:05.560Z
DHL:TRACK-0244,TRACK-0244,false,false,1,1,DHL,Sydney,AU,true,delivered,delivered,warehouse,2026-03-19T10:49:00.000Z,true,false,false,false,2026-03-19T10:49:00.000Z,2026-03-19T10:49:00.000Z,1,1,0,1,2026-06-02T18:42:05.560Z
DHL:TRACK-0246,TRACK-0246,false,true,1,2,null,null,null,false,in_transit,in_transit,warehouse,2026-03-14T07:17:00.000Z,false,false,false,false,2026-03-06T02:05:00.000Z,2026-03-14T07:17:00.000Z,2,2,0,1,2026-06-02T18:42:05.560Z
DHL:TRACK-0251,TRACK-0251,false,false,1,1,DHL,Sydney,AU,true,packed,packed,warehouse,2026-03-20T21:37:00.000Z,false,false,false,false,2026-03-20T21:37:00.000Z,2026-03-20T21:37:00.000Z,1,1,0,1,2026-06-02T18:42:05.560Z
DHL:TRACK-0256,TRACK-0256,false,true,1,2,null,null,null,false,packed,packed,warehouse,2026-03-14T03:21:00.000Z,false,false,false,false,2026-03-04T10:55:00.000Z,2026-03-14T03:21:00.000Z,2,2,0,1,2026-06-02T18:42:05.560Z
DHL:TRACK-0257,TRACK-0257,false,false,1,1,DHL,Dubai,AE,true,delivered,DELIVERED,warehouse,2026-03-01T07:34:00.000Z,true,false,false,false,2026-03-01T07:34:00.000Z,2026-03-01T07:34:00.000Z,1,1,0,1,2026-06-02T18:42:05.560Z
DHL:TRACK-0259,TRACK-0259,false,true,1,2,null,null,null,false,in_transit,in_transit,warehouse,2026-03-13T19:59:00.000Z,false,false,false,false,2026-03-05T21:10:00.000Z,2026-03-13T19:59:00.000Z,2,2,0,1,2026-06-02T18:42:05.560Z
DHL:TRACK-0260,TRACK-0260,false,false,1,1,DHL,Dubai,AE,true,packed,packed,warehouse,2026-03-08T19:29:00.000Z,false,false,false,true,2026-03-08T19:29:00.000Z,2026-03-08T19:29:00.000Z,1,1,0,1,2026-06-02T18:42:05.560Z
DHL:TRK-245,TRK-245,false,false,1,1,DHL,Sydney,AU,true,in_transit,in_transit,warehouse,2026-03-08T14:40:00.000Z,false,false,false,true,2026-03-08T14:40:00.000Z,2026-03-08T14:40:00.000Z,1,1,0,1,2026-06-02T18:42:05.560Z
FedEx:FDX-0013,FDX-0013,false,false,1,0,FedEx,null,null,false,delivered,DELIVERED,carrier,2026-03-10T07:10:00.000Z,true,false,false,false,2026-03-08T08:49:00.000Z,2026-03-10T07:10:00.000Z,4,0,4,1,2026-06-02T18:42:05.560Z
FedEx:FDX-0042,FDX-0042,false,false,1,0,FedEx,null,null,false,cancelled,CANCELLED,carrier,2026-03-10T22:18:00.000Z,true,false,false,false,2026-03-10T15:10:00.000Z,2026-03-10T22:18:00.000Z,2,0,2,1,2026-06-02T18:42:05.560Z
FedEx:FDX-0045,FDX-0045,false,false,1,0,FedEx,null,null,false,returned,RETURNED,carrier,2026-03-11T08:32:00.000Z,true,false,false,false,2026-03-09T17:16:00.000Z,2026-03-11T08:32:00.000Z,4,0,4,1,2026-06-02T18:42:05.560Z
FedEx:FDX-0054,FDX-0054,false,false,1,0,FedEx,null,null,false,cancelled,CANCELLED,carrier,2026-03-22T11:28:00.000Z,true,false,false,false,2026-03-21T18:46:00.000Z,2026-03-22T11:28:00.000Z,2,0,2,1,2026-06-02T18:42:05.560Z
FedEx:FX-0015,FX-0015,false,false,1,0,FedEx,null,null,false,returned,RETURNED,carrier,2026-03-26T01:10:00.000Z,true,false,false,false,2026-03-24T19:14:00.000Z,2026-03-26T01:10:00.000Z,4,0,4,1,2026-06-02T18:42:05.560Z
FedEx:FX-0017,FX-0017,false,false,1,0,FedEx,null,null,false,delivered,DELIVERED,carrier,2026-03-11T05:28:00.000Z,true,false,false,false,2026-03-08T11:09:00.000Z,2026-03-11T05:28:00.000Z,6,0,6,1,2026-06-02T18:42:05.560Z
FedEx:FX-0030,FX-0030,false,false,1,0,FedEx,null,null,false,delivered,DELIVERED,carrier,2026-03-06T04:24:00.000Z,true,false,false,false,2026-03-04T06:06:00.000Z,2026-03-06T04:24:00.000Z,4,0,4,1,2026-06-02T18:42:05.560Z
FedEx:FX-0044,FX-0044,false,false,1,0,FedEx,null,null,false,delivered,DELIVERED,carrier,2026-03-20T20:16:00.000Z,true,false,false,false,2026-03-18T16:57:00.000Z,2026-03-20T20:16:00.000Z,4,0,4,1,2026-06-02T18:42:05.560Z
FedEx:FX-0046,FX-0046,false,false,1,0,FedEx,null,null,false,cancelled,CANCELLED,carrier,2026-03-04T23:48:00.000Z,true,false,false,false,2026-03-04T17:32:00.000Z,2026-03-04T23:48:00.000Z,2,0,2,1,2026-06-02T18:42:05.560Z
FedEx:FX-0069,FX-0069,false,false,1,0,FedEx,null,null,false,delivered,DELIVERED,carrier,2026-03-10T08:14:00.000Z,true,false,false,false,2026-03-08T05:00:00.000Z,2026-03-10T08:14:00.000Z,5,0,5,1,2026-06-02T18:42:05.560Z
FedEx:TRACK-0002,TRACK-0002,false,false,1,1,FedEx,Los Angeles,US,true,shipped,shipped,warehouse,2026-03-02T23:55:00.000Z,false,false,false,false,2026-03-01T22:00:00.000Z,2026-03-02T23:55:00.000Z,4,2,2,2,2026-06-02T18:42:05.560Z
FedEx:TRACK-0005,TRACK-0005,false,false,1,1,FedEx,Los Angeles,US,true,packed,packed,warehouse,2026-03-08T02:14:00.000Z,false,false,false,false,2026-03-08T02:14:00.000Z,2026-03-08T02:14:00.000Z,1,1,0,1,2026-06-02T18:42:05.560Z
FedEx:TRACK-0007,TRACK-0007,false,true,1,2,null,null,null,false,shipped,shipped,warehouse,2026-03-03T20:50:00.000Z,false,false,false,true,2026-03-03T13:20:00.000Z,2026-03-03T20:50:00.000Z,3,2,1,2,2026-06-02T18:42:05.560Z
FedEx:TRACK-0015,TRACK-0015,false,false,1,1,FedEx,Los Angeles,US,true,packed,packed,warehouse,2026-03-12T18:02:00.000Z,false,false,false,false,2026-03-12T18:02:00.000Z,2026-03-12T18:02:00.000Z,1,1,0,1,2026-06-02T18:42:05.560Z
FedEx:TRACK-0020,TRACK-0020,false,false,1,0,FedEx,null,null,false,cancelled,CANCELLED,carrier,2026-03-24T12:19:00.000Z,true,false,false,false,2026-03-23T19:51:00.000Z,2026-03-24T12:19:00.000Z,2,0,2,1,2026-06-02T18:42:05.560Z
FedEx:TRACK-0021,TRACK-0021,false,false,1,0,FedEx,null,null,false,delivered,DELIVERED,carrier,2026-03-15T15:34:00.000Z,true,false,false,false,2026-03-13T05:19:00.000Z,2026-03-15T15:34:00.000Z,5,0,5,1,2026-06-02T18:42:05.560Z
FedEx:TRACK-0023,TRACK-0023,false,false,1,0,FedEx,null,null,false,delivered,DELIVERED,carrier,2026-03-09T12:26:00.000Z,true,false,false,false,2026-03-07T20:28:00.000Z,2026-03-09T12:26:00.000Z,4,0,4,1,2026-06-02T18:42:05.560Z
FedEx:TRACK-0039,TRACK-0039,false,false,1,0,FedEx,null,null,false,delivered,DELIVERED,carrier,2026-03-27T15:03:00.000Z,true,false,false,false,2026-03-26T12:16:00.000Z,2026-03-27T15:03:00.000Z,4,0,4,1,2026-06-02T18:42:05.560Z
FedEx:TRACK-0047,TRACK-0047,false,false,1,0,FedEx,null,null,false,delivered,DELIVERED,carrier,2026-03-16T12:33:00.000Z,true,false,false,false,2026-03-13T17:07:00.000Z,2026-03-16T12:33:00.000Z,6,0,6,1,2026-06-02T18:42:05.560Z
FedEx:TRACK-0049,TRACK-0049,false,false,1,0,FedEx,null,null,false,delivered,DELIVERED,carrier,2026-03-28T00:33:00.000Z,true,false,false,false,2026-03-24T14:12:00.000Z,2026-03-28T00:33:00.000Z,5,0,5,1,2026-06-02T18:42:05.560Z
FedEx:TRACK-0052,TRACK-0052,false,false,1,1,FedEx,Los Angeles,US,true,delivered,delivered,warehouse,2026-03-20T05:19:00.000Z,true,false,false,false,2026-03-20T05:19:00.000Z,2026-03-20T05:19:00.000Z,1,1,0,1,2026-06-02T18:42:05.560Z
FedEx:TRACK-0053,TRACK-0053,false,false,1,1,FedEx,Los Angeles,US,true,shipped,SHIPPED,warehouse,2026-03-19T20:58:00.000Z,false,false,false,false,2026-03-19T20:58:00.000Z,2026-03-19T20:58:00.000Z,1,1,0,1,2026-06-02T18:42:05.560Z
FedEx:TRACK-0060,TRACK-0060,false,false,1,1,FedEx,Los Angeles,US,true,shipped,shipped,warehouse,2026-03-05T20:01:00.000Z,false,false,false,false,2026-03-05T20:01:00.000Z,2026-03-05T20:01:00.000Z,1,1,0,1,2026-06-02T18:42:05.560Z
FedEx:TRACK-0067,TRACK-0067,false,false,1,1,FedEx,Los Angeles,US,true,shipped,shipped,warehouse,2026-03-04T20:21:00.000Z,false,false,false,false,2026-03-04T20:21:00.000Z,2026-03-04T20:21:00.000Z,1,1,0,1,2026-06-02T18:42:05.560Z
FedEx:TRACK-0071,TRACK-0071,false,false,1,1,FedEx,Los Angeles,US,true,delivered,delivered,warehouse,2026-03-03T15:09:00.000Z,true,false,false,false,2026-03-03T15:09:00.000Z,2026-03-03T15:09:00.000Z,1,1,0,1,2026-06-02T18:42:05.560Z
FedEx:TRACK-0076,TRACK-0076,false,false,1,1,FedEx,Los Angeles,US,true,shipped,shipped,warehouse,2026-03-11T02:40:00.000Z,false,false,false,false,2026-03-11T02:40:00.000Z,2026-03-11T02:40:00.000Z,1,1,0,1,2026-06-02T18:42:05.560Z
FedEx:TRACK-0077,TRACK-0077,false,false,1,0,FedEx,null,null,false,delivered,DELIVERED,carrier,2026-03-13T03:11:00.000Z,true,false,false,false,2026-03-11T10:57:00.000Z,2026-03-13T03:11:00.000Z,4,0,4,1,2026-06-02T18:42:05.560Z
FedEx:TRACK-0093,TRACK-0093,false,false,1,1,FedEx,Los Angeles,US,true,received,received,warehouse,2026-03-16T19:22:00.000Z,false,false,false,false,2026-03-16T19:22:00.000Z,2026-03-16T19:22:00.000Z,1,1,0,1,2026-06-02T18:42:05.560Z
FedEx:TRACK-0143,TRACK-0143,false,false,1,1,FedEx,Los Angeles,US,true,exception,exception,warehouse,2026-03-16T10:17:00.000Z,false,false,false,false,2026-03-16T10:17:00.000Z,2026-03-16T10:17:00.000Z,1,1,0,1,2026-06-02T18:42:05.560Z
FedEx:TRACK-0149,TRACK-0149,false,false,1,1,FedEx,Los Angeles,US,true,in_transit,in_transit,warehouse,2026-03-12T11:37:00.000Z,false,false,false,false,2026-03-12T11:37:00.000Z,2026-03-12T11:37:00.000Z,1,1,0,1,2026-06-02T18:42:05.560Z
FedEx:TRACK-0153,TRACK-0153,false,false,1,1,FedEx,Los Angeles,US,true,packed,packed,warehouse,2026-03-08T19:02:00.000Z,false,false,false,false,2026-03-08T19:02:00.000Z,2026-03-08T19:02:00.000Z,1,1,0,1,2026-06-02T18:42:05.560Z
FedEx:TRACK-0160,TRACK-0160,false,false,1,1,FedEx,Los Angeles,US,true,processing,processing,warehouse,2026-03-02T15:23:00.000Z,false,false,false,false,2026-03-02T15:23:00.000Z,2026-03-02T15:23:00.000Z,1,1,0,1,2026-06-02T18:42:05.560Z
FedEx:TRACK-0166,TRACK-0166,false,false,1,1,FedEx,Los Angeles,US,true,processing,processing,warehouse,2026-03-22T04:04:00.000Z,false,false,false,false,2026-03-22T04:04:00.000Z,2026-03-22T04:04:00.000Z,1,1,0,1,2026-06-02T18:42:05.560Z
FedEx:TRACK-0169,TRACK-0169,false,false,1,1,FedEx,Los Angeles,US,true,in_transit,in_transit,warehouse,2026-03-06T22:18:00.000Z,false,false,false,false,2026-03-06T22:18:00.000Z,2026-03-06T22:18:00.000Z,1,1,0,1,2026-06-02T18:42:05.560Z
FedEx:TRACK-0204,TRACK-0204,false,false,1,1,FedEx,Los Angeles,US,true,exception,exception,warehouse,2026-03-20T13:00:00.000Z,false,false,false,true,2026-03-20T13:00:00.000Z,2026-03-20T13:00:00.000Z,1,1,0,1,2026-06-02T18:42:05.560Z
FedEx:TRACK-0211,TRACK-0211,false,false,1,1,FedEx,Los Angeles,US,true,in_transit,in_transit,warehouse,2026-03-19T23:23:00.000Z,false,false,false,false,2026-03-19T23:23:00.000Z,2026-03-19T23:23:00.000Z,1,1,0,1,2026-06-02T18:42:05.560Z
FedEx:TRACK-0215,TRACK-0215,false,false,1,1,FedEx,Los Angeles,US,true,in_transit,in_transit,warehouse,2026-03-03T12:01:00.000Z,false,false,false,false,2026-03-03T12:01:00.000Z,2026-03-03T12:01:00.000Z,1,1,0,1,2026-06-02T18:42:05.560Z
FedEx:TRACK-0225,TRACK-0225,false,false,1,1,FedEx,Los Angeles,US,true,delivered,delivered,warehouse,2026-03-17T22:28:00.000Z,true,false,false,false,2026-03-17T22:28:00.000Z,2026-03-17T22:28:00.000Z,1,1,0,1,2026-06-02T18:42:05.560Z
FedEx:TRACK-0231,TRACK-0231,false,true,1,2,null,null,null,false,processing,processing,warehouse,2026-03-18T19:42:00.000Z,false,false,false,false,2026-03-11T20:39:00.000Z,2026-03-18T19:42:00.000Z,2,2,0,1,2026-06-02T18:42:05.560Z
FedEx:TRACK-0235,TRACK-0235,false,false,1,1,FedEx,Los Angeles,US,true,shipped,shipped,warehouse,2026-03-03T14:47:00.000Z,false,false,false,false,2026-03-03T14:47:00.000Z,2026-03-03T14:47:00.000Z,1,1,0,1,2026-06-02T18:42:05.560Z
FedEx:TRACK-0259,TRACK-0259,false,false,1,1,FedEx,Los Angeles,US,true,in_transit,in_transit,warehouse,2026-03-11T01:26:00.000Z,false,false,false,false,2026-03-11T01:26:00.000Z,2026-03-11T01:26:00.000Z,1,1,0,1,2026-06-02T18:42:05.560Z
FedEx:TRK-106,TRK-106,false,false,1,1,FedEx,Los Angeles,US,true,delivered,delivered,warehouse,2026-03-17T21:48:00.000Z,true,false,false,false,2026-03-17T21:48:00.000Z,2026-03-17T21:48:00.000Z,1,1,0,1,2026-06-02T18:42:05.560Z
FedEx:TRK-80,TRK-80,false,false,1,1,FedEx,Los Angeles,US,true,shipped,shipped,warehouse,2026-03-12T15:13:00.000Z,false,false,false,false,2026-03-12T15:13:00.000Z,2026-03-12T15:13:00.000Z,1,1,0,1,2026-06-02T18:42:05.560Z
Ninja Van:TRACK-0001,TRACK-0001,false,false,1,1,Ninja Van,Singapore,SG,true,delivered,delivered,warehouse,2026-03-18T06:33:00.000Z,true,false,false,false,2026-03-18T06:33:00.000Z,2026-03-18T06:33:00.000Z,1,1,0,1,2026-06-02T18:42:05.560Z
Ninja Van:TRACK-0014,TRACK-0014,false,false,1,1,Ninja Van,Singapore,SG,true,in_transit,In_Transit,warehouse,2026-03-15T13:13:00.000Z,false,false,false,true,2026-03-15T13:13:00.000Z,2026-03-15T13:13:00.000Z,1,1,0,1,2026-06-02T18:42:05.560Z
Ninja Van:TRACK-0060,TRACK-0060,false,false,1,1,Ninja Van,Singapore,SG,true,shipped,shipped,warehouse,2026-03-10T03:57:00.000Z,false,false,false,false,2026-03-10T03:57:00.000Z,2026-03-10T03:57:00.000Z,1,1,0,1,2026-06-02T18:42:05.560Z
Ninja Van:TRACK-0068,TRACK-0068,false,false,1,1,Ninja Van,Singapore,SG,true,in_transit,in_transit,warehouse,2026-03-11T05:42:00.000Z,false,false,false,false,2026-03-11T05:42:00.000Z,2026-03-11T05:42:00.000Z,1,1,0,1,2026-06-02T18:42:05.560Z
Ninja Van:TRACK-0072,TRACK-0072,false,false,1,1,Ninja Van,Singapore,SG,true,received,Received,warehouse,2026-03-06T05:40:00.000Z,false,false,false,true,2026-03-06T05:40:00.000Z,2026-03-06T05:40:00.000Z,1,1,0,1,2026-06-02T18:42:05.560Z
Ninja Van:TRACK-0080,TRACK-0080,false,false,1,1,Ninja Van,Singapore,SG,true,packed,packed,warehouse,2026-03-07T21:31:00.000Z,false,false,false,false,2026-03-07T21:31:00.000Z,2026-03-07T21:31:00.000Z,1,1,0,1,2026-06-02T18:42:05.560Z
Ninja Van:TRACK-0113,TRACK-0113,false,false,1,1,Ninja Van,Singapore,SG,true,in_transit,in_transit,warehouse,2026-03-09T16:24:00.000Z,false,false,false,false,2026-03-09T16:24:00.000Z,2026-03-09T16:24:00.000Z,1,1,0,1,2026-06-02T18:42:05.560Z
Ninja Van:TRACK-0141,TRACK-0141,false,false,1,1,Ninja Van,Singapore,SG,true,processing,processing,warehouse,2026-03-13T12:58:00.000Z,false,false,false,true,2026-03-13T12:58:00.000Z,2026-03-13T12:58:00.000Z,1,1,0,1,2026-06-02T18:42:05.560Z
Ninja Van:TRACK-0160,TRACK-0160,false,false,1,1,Ninja Van,Singapore,SG,true,in_transit,in_transit,warehouse,2026-03-05T16:52:00.000Z,false,false,false,false,2026-03-05T16:52:00.000Z,2026-03-05T16:52:00.000Z,1,1,0,1,2026-06-02T18:42:05.560Z
Ninja Van:TRACK-0170,TRACK-0170,false,false,1,1,Ninja Van,Singapore,SG,true,packed,packed,warehouse,2026-03-21T05:58:00.000Z,false,false,false,false,2026-03-21T05:58:00.000Z,2026-03-21T05:58:00.000Z,1,1,0,1,2026-06-02T18:42:05.560Z
Ninja Van:TRACK-0246,TRACK-0246,false,false,1,1,Ninja Van,Singapore,SG,true,packed,packed,warehouse,2026-03-11T06:16:00.000Z,false,false,false,false,2026-03-11T06:16:00.000Z,2026-03-11T06:16:00.000Z,1,1,0,1,2026-06-02T18:42:05.560Z
Ninja Van:TRK-247,TRK-247,false,false,1,1,Ninja Van,Singapore,SG,true,delivered,delivered,warehouse,2026-03-16T00:11:00.000Z,true,false,false,true,2026-03-16T00:11:00.000Z,2026-03-16T00:11:00.000Z,1,1,0,1,2026-06-02T18:42:05.560Z
PostNL:TRACK-0006,TRACK-0006,false,false,1,1,PostNL,Amsterdam,NL,true,in_transit,in_transit,warehouse,2026-03-04T17:51:00.000Z,false,false,false,false,2026-03-04T17:51:00.000Z,2026-03-04T17:51:00.000Z,1,1,0,1,2026-06-02T18:42:05.560Z
PostNL:TRACK-0011,TRACK-0011,false,false,1,1,PostNL,Amsterdam,NL,true,in_transit,in_transit,warehouse,2026-03-12T04:48:00.000Z,false,false,false,false,2026-03-12T04:48:00.000Z,2026-03-12T04:48:00.000Z,1,1,0,1,2026-06-02T18:42:05.560Z
PostNL:TRACK-0024,TRACK-0024,false,false,1,1,PostNL,Amsterdam,NL,true,in_transit,in_transit,warehouse,2026-03-14T17:54:00.000Z,false,false,false,false,2026-03-14T17:54:00.000Z,2026-03-14T17:54:00.000Z,1,1,0,1,2026-06-02T18:42:05.560Z
PostNL:TRACK-0034,TRACK-0034,false,false,1,1,PostNL,Amsterdam,NL,true,processing,processing,warehouse,2026-03-18T09:50:00.000Z,false,false,false,false,2026-03-18T09:50:00.000Z,2026-03-18T09:50:00.000Z,1,1,0,1,2026-06-02T18:42:05.560Z
PostNL:TRACK-0048,TRACK-0048,false,false,1,1,PostNL,Amsterdam,NL,true,shipped,shipped,warehouse,2026-03-13T03:11:00.000Z,false,false,false,false,2026-03-13T03:11:00.000Z,2026-03-13T03:11:00.000Z,1,1,0,1,2026-06-02T18:42:05.560Z
PostNL:TRACK-0071,TRACK-0071,false,false,1,1,PostNL,Amsterdam,NL,true,processing,processing,warehouse,2026-03-04T00:22:00.000Z,false,false,false,false,2026-03-04T00:22:00.000Z,2026-03-04T00:22:00.000Z,1,1,0,1,2026-06-02T18:42:05.560Z
PostNL:TRACK-0074,TRACK-0074,false,true,1,2,null,null,null,false,packed,packed,warehouse,2026-03-13T04:16:00.000Z,false,false,false,false,2026-03-03T01:32:00.000Z,2026-03-13T04:16:00.000Z,2,2,0,1,2026-06-02T18:42:05.560Z
PostNL:TRACK-0077,TRACK-0077,false,false,1,1,PostNL,Amsterdam,NL,true,processing,processing,warehouse,2026-03-07T13:33:00.000Z,false,false,false,false,2026-03-07T13:33:00.000Z,2026-03-07T13:33:00.000Z,1,1,0,1,2026-06-02T18:42:05.560Z
PostNL:TRACK-0092,TRACK-0092,false,false,1,1,PostNL,Amsterdam,NL,true,shipped,shipped,warehouse,2026-03-17T20:29:00.000Z,false,false,false,false,2026-03-17T20:29:00.000Z,2026-03-17T20:29:00.000Z,1,1,0,1,2026-06-02T18:42:05.560Z
PostNL:TRACK-0098,TRACK-0098,false,false,1,1,PostNL,Amsterdam,NL,true,packed,packed,warehouse,2026-03-11T18:13:00.000Z,false,false,false,false,2026-03-11T18:13:00.000Z,2026-03-11T18:13:00.000Z,1,1,0,1,2026-06-02T18:42:05.560Z
PostNL:TRACK-0099,TRACK-0099,false,false,1,1,PostNL,Amsterdam,NL,true,processing,processing,warehouse,2026-03-19T19:40:00.000Z,false,false,false,false,2026-03-19T19:40:00.000Z,2026-03-19T19:40:00.000Z,1,1,0,1,2026-06-02T18:42:05.560Z
PostNL:TRACK-0108,TRACK-0108,false,false,1,1,PostNL,Amsterdam,NL,true,shipped,shipped,warehouse,2026-03-14T03:48:00.000Z,false,false,false,false,2026-03-14T03:48:00.000Z,2026-03-14T03:48:00.000Z,1,1,0,1,2026-06-02T18:42:05.560Z
PostNL:TRACK-0124,TRACK-0124,false,false,1,1,PostNL,Amsterdam,NL,true,packed,packed,warehouse,2026-03-09T02:28:00.000Z,false,false,false,false,2026-03-09T02:28:00.000Z,2026-03-09T02:28:00.000Z,1,1,0,1,2026-06-02T18:42:05.560Z
PostNL:TRACK-0130,TRACK-0130,false,false,1,1,PostNL,Amsterdam,NL,true,delivered,DELIVERED,warehouse,2026-03-19T16:36:00.000Z,true,false,false,false,2026-03-19T16:36:00.000Z,2026-03-19T16:36:00.000Z,1,1,0,1,2026-06-02T18:42:05.560Z
PostNL:TRACK-0146,TRACK-0146,false,false,1,1,PostNL,Amsterdam,NL,true,exception,exception,warehouse,2026-03-19T14:01:00.000Z,false,false,false,false,2026-03-19T14:01:00.000Z,2026-03-19T14:01:00.000Z,1,1,0,1,2026-06-02T18:42:05.560Z
PostNL:TRACK-0156,TRACK-0156,false,false,1,1,PostNL,Amsterdam,NL,true,shipped,Shipped,warehouse,2026-03-02T00:06:00.000Z,false,false,false,false,2026-03-02T00:06:00.000Z,2026-03-02T00:06:00.000Z,1,1,0,1,2026-06-02T18:42:05.560Z
PostNL:TRACK-0164,TRACK-0164,false,false,1,1,PostNL,Amsterdam,NL,true,received,received,warehouse,2026-03-17T00:05:00.000Z,false,false,false,false,2026-03-17T00:05:00.000Z,2026-03-17T00:05:00.000Z,1,1,0,1,2026-06-02T18:42:05.560Z
PostNL:TRACK-0177,TRACK-0177,false,false,1,1,PostNL,Amsterdam,NL,true,packed,packed,warehouse,2026-03-19T03:29:00.000Z,false,false,false,false,2026-03-19T03:29:00.000Z,2026-03-19T03:29:00.000Z,1,1,0,1,2026-06-02T18:42:05.560Z
PostNL:TRACK-0179,TRACK-0179,false,false,1,1,PostNL,Amsterdam,NL,true,delivered,delivered,warehouse,2026-03-15T22:18:00.000Z,true,false,false,false,2026-03-15T22:18:00.000Z,2026-03-15T22:18:00.000Z,1,1,0,1,2026-06-02T18:42:05.560Z
PostNL:TRACK-0180,TRACK-0180,false,false,1,1,PostNL,Amsterdam,NL,true,processing,processing,warehouse,2026-03-06T10:02:00.000Z,false,false,false,false,2026-03-06T10:02:00.000Z,2026-03-06T10:02:00.000Z,1,1,0,1,2026-06-02T18:42:05.560Z
PostNL:TRACK-0190,TRACK-0190,false,false,1,1,PostNL,Amsterdam,NL,true,in_transit,in_transit,warehouse,2026-03-18T08:26:00.000Z,false,false,false,true,2026-03-18T08:26:00.000Z,2026-03-18T08:26:00.000Z,1,1,0,1,2026-06-02T18:42:05.560Z
PostNL:TRACK-0204,TRACK-0204,false,true,1,2,null,null,null,false,delivered,DELIVERED,warehouse,2026-03-16T00:09:00.000Z,true,false,false,false,2026-03-02T16:47:00.000Z,2026-03-16T00:09:00.000Z,2,2,0,1,2026-06-02T18:42:05.560Z
PostNL:TRACK-0211,TRACK-0211,false,false,1,1,PostNL,Amsterdam,NL,true,packed,packed,warehouse,2026-03-16T00:53:00.000Z,false,false,false,false,2026-03-16T00:53:00.000Z,2026-03-16T00:53:00.000Z,1,1,0,1,2026-06-02T18:42:05.560Z
PostNL:TRACK-0212,TRACK-0212,false,false,1,1,PostNL,Amsterdam,NL,true,in_transit,IN_TRANSIT,warehouse,2026-03-12T22:19:00.000Z,false,false,false,false,2026-03-12T22:19:00.000Z,2026-03-12T22:19:00.000Z,1,1,0,1,2026-06-02T18:42:05.560Z
PostNL:TRACK-0231,TRACK-0231,false,true,1,2,null,null,null,false,packed,packed,warehouse,2026-03-13T15:05:00.000Z,false,false,false,false,2026-03-11T17:31:00.000Z,2026-03-13T15:05:00.000Z,2,2,0,1,2026-06-02T18:42:05.560Z
PostNL:TRACK-0253,TRACK-0253,false,false,1,1,PostNL,Amsterdam,NL,true,shipped,shipped,warehouse,2026-03-21T00:14:00.000Z,false,false,false,false,2026-03-21T00:14:00.000Z,2026-03-21T00:14:00.000Z,1,1,0,1,2026-06-02T18:42:05.560Z
Royal Mail:GB-0025,GB-0025,false,false,1,0,Royal Mail,null,null,false,cancelled,CANCELLED,carrier,2026-03-08T05:47:00.000Z,true,false,false,false,2026-03-08T01:46:00.000Z,2026-03-08T05:47:00.000Z,2,0,2,1,2026-06-02T18:42:05.560Z
Royal Mail:GB-0026,GB-0026,false,false,1,0,Royal Mail,null,null,false,delivered,DELIVERED,carrier,2026-03-27T01:16:00.000Z,true,false,false,false,2026-03-24T10:14:00.000Z,2026-03-27T01:16:00.000Z,5,0,5,1,2026-06-02T18:42:05.560Z
Royal Mail:GB-0033,GB-0033,false,false,1,0,Royal Mail,null,null,false,delivered,DELIVERED,carrier,2026-03-06T11:44:00.000Z,true,false,false,false,2026-03-05T02:56:00.000Z,2026-03-06T11:44:00.000Z,5,0,5,1,2026-06-02T18:42:05.560Z
Royal Mail:GB-0035,GB-0035,false,false,1,0,Royal Mail,null,null,false,delivered,DELIVERED,carrier,2026-03-25T05:09:00.000Z,true,false,false,false,2026-03-22T23:29:00.000Z,2026-03-25T05:09:00.000Z,4,0,4,1,2026-06-02T18:42:05.560Z
Royal Mail:GB-0057,GB-0057,false,false,1,0,Royal Mail,null,null,false,delivered,DELIVERED,carrier,2026-03-16T09:25:00.000Z,true,false,false,false,2026-03-14T01:38:00.000Z,2026-03-16T09:25:00.000Z,4,0,4,1,2026-06-02T18:42:05.560Z
Royal Mail:GB-0062,GB-0062,false,false,1,0,Royal Mail,null,null,false,delivered,DELIVERED,carrier,2026-03-23T12:09:00.000Z,true,false,false,false,2026-03-21T13:41:00.000Z,2026-03-23T12:09:00.000Z,5,0,5,1,2026-06-02T18:42:05.560Z
Royal Mail:GB-0063,GB-0063,false,false,1,0,Royal Mail,null,null,false,delivered,DELIVERED,carrier,2026-03-07T17:11:00.000Z,true,false,false,false,2026-03-06T08:18:00.000Z,2026-03-07T17:11:00.000Z,4,0,4,1,2026-06-02T18:42:05.560Z
Royal Mail:GB-0066,GB-0066,false,false,1,0,Royal Mail,null,null,false,cancelled,CANCELLED,carrier,2026-03-05T04:49:00.000Z,true,false,false,false,2026-03-04T12:07:00.000Z,2026-03-05T04:49:00.000Z,2,0,2,1,2026-06-02T18:42:05.560Z
Royal Mail:RM-0005,RM-0005,false,false,1,0,Royal Mail,null,null,false,label_created,LABEL_CREATED,carrier,2026-03-03T10:30:00.000Z,false,false,false,false,2026-03-03T10:30:00.000Z,2026-03-03T10:30:00.000Z,1,0,1,1,2026-06-02T18:42:05.560Z
Royal Mail:RM-0037,RM-0037,false,false,1,0,Royal Mail,null,null,false,delivered,DELIVERED,carrier,2026-03-23T17:54:00.000Z,true,false,false,false,2026-03-21T06:20:00.000Z,2026-03-23T17:54:00.000Z,6,0,6,1,2026-06-02T18:42:05.560Z
Royal Mail:RM-0058,RM-0058,false,false,1,0,Royal Mail,null,null,false,delivered,DELIVERED,carrier,2026-03-15T18:14:00.000Z,true,false,false,false,2026-03-12T16:24:00.000Z,2026-03-15T18:14:00.000Z,6,0,6,1,2026-06-02T18:42:05.560Z
Royal Mail:RM-0072,RM-0072,false,false,1,0,Royal Mail,null,null,false,cancelled,CANCELLED,carrier,2026-03-13T16:49:00.000Z,true,false,false,false,2026-03-13T03:34:00.000Z,2026-03-13T16:49:00.000Z,2,0,2,1,2026-06-02T18:42:05.560Z
Royal Mail:RMG-0012,RMG-0012,false,false,1,0,Royal Mail,null,null,false,delivered,DELIVERED,carrier,2026-03-08T04:53:00.000Z,true,false,false,false,2026-03-06T10:44:00.000Z,2026-03-08T04:53:00.000Z,4,0,4,1,2026-06-02T18:42:05.560Z
Royal Mail:RMG-0029,RMG-0029,false,false,1,0,Royal Mail,null,null,false,returned,RETURNED,carrier,2026-03-19T13:29:00.000Z,true,false,false,false,2026-03-17T09:47:00.000Z,2026-03-19T13:29:00.000Z,4,0,4,1,2026-06-02T18:42:05.560Z
Royal Mail:RMG-0034,RMG-0034,false,false,1,0,Royal Mail,null,null,false,cancelled,CANCELLED,carrier,2026-03-10T15:16:00.000Z,true,false,false,false,2026-03-10T05:47:00.000Z,2026-03-10T15:16:00.000Z,2,0,2,1,2026-06-02T18:42:05.560Z
Royal Mail:RMG-0060,RMG-0060,false,false,1,0,Royal Mail,null,null,false,delivered,DELIVERED,carrier,2026-03-19T07:17:00.000Z,true,false,false,false,2026-03-17T20:10:00.000Z,2026-03-19T07:17:00.000Z,4,0,4,1,2026-06-02T18:42:05.560Z
Royal Mail:RMG-0078,RMG-0078,false,false,1,0,Royal Mail,null,null,false,delivered,DELIVERED,carrier,2026-03-14T22:00:00.000Z,true,false,false,false,2026-03-12T19:04:00.000Z,2026-03-14T22:00:00.000Z,4,0,4,1,2026-06-02T18:42:05.560Z
Royal Mail:RMG-0079,RMG-0079,false,false,1,0,Royal Mail,null,null,false,shipped,PICKED_UP,carrier,2026-03-25T02:09:00.000Z,false,false,false,false,2026-03-24T18:59:00.000Z,2026-03-25T02:09:00.000Z,2,0,2,1,2026-06-02T18:42:05.560Z
Royal Mail:TRACK-0042,TRACK-0042,false,false,1,1,Royal Mail,London,GB,true,packed,packed,warehouse,2026-03-17T21:31:00.000Z,false,false,false,false,2026-03-17T21:31:00.000Z,2026-03-17T21:31:00.000Z,1,1,0,1,2026-06-02T18:42:05.560Z
Royal Mail:TRACK-0072,TRACK-0072,false,false,1,1,Royal Mail,London,GB,true,exception,exception,warehouse,2026-03-18T17:50:00.000Z,false,false,false,false,2026-03-18T17:50:00.000Z,2026-03-18T17:50:00.000Z,1,1,0,1,2026-06-02T18:42:05.560Z
Royal Mail:TRACK-0076,TRACK-0076,false,false,1,1,Royal Mail,London,GB,true,delivered,delivered,warehouse,2026-03-17T19:31:00.000Z,true,false,false,false,2026-03-17T19:31:00.000Z,2026-03-17T19:31:00.000Z,1,1,0,1,2026-06-02T18:42:05.560Z
Royal Mail:TRACK-0097,TRACK-0097,false,false,1,1,Royal Mail,London,GB,true,processing,processing,warehouse,2026-03-02T01:10:00.000Z,false,false,false,false,2026-03-02T01:10:00.000Z,2026-03-02T01:10:00.000Z,1,1,0,1,2026-06-02T18:42:05.560Z
Royal Mail:TRACK-0110,TRACK-0110,false,false,1,1,Royal Mail,London,GB,true,packed,packed,warehouse,2026-03-14T10:58:00.000Z,false,false,false,false,2026-03-14T10:58:00.000Z,2026-03-14T10:58:00.000Z,1,1,0,1,2026-06-02T18:42:05.560Z
Royal Mail:TRACK-0125,TRACK-0125,false,false,1,1,Royal Mail,London,GB,true,delivered,delivered,warehouse,2026-03-19T20:27:00.000Z,true,false,false,false,2026-03-19T20:27:00.000Z,2026-03-19T20:27:00.000Z,1,1,0,1,2026-06-02T18:42:05.560Z
Royal Mail:TRACK-0131,TRACK-0131,false,false,1,1,Royal Mail,London,GB,true,delivered,Delivered,warehouse,2026-03-16T16:05:00.000Z,true,false,false,false,2026-03-16T16:05:00.000Z,2026-03-16T16:05:00.000Z,1,1,0,1,2026-06-02T18:42:05.560Z
Royal Mail:TRACK-0136,TRACK-0136,false,false,1,1,Royal Mail,London,GB,true,in_transit,in_transit,warehouse,2026-03-02T04:32:00.000Z,false,false,false,false,2026-03-02T04:32:00.000Z,2026-03-02T04:32:00.000Z,1,1,0,1,2026-06-02T18:42:05.560Z
Royal Mail:TRACK-0139,TRACK-0139,false,true,1,2,null,null,null,false,delivered,delivered,warehouse,2026-03-14T08:55:00.000Z,true,false,false,false,2026-03-06T03:44:00.000Z,2026-03-14T08:55:00.000Z,2,2,0,1,2026-06-02T18:42:05.560Z
Royal Mail:TRACK-0140,TRACK-0140,false,false,1,1,Royal Mail,London,GB,true,in_transit,in_transit,warehouse,2026-03-16T12:35:00.000Z,false,false,false,false,2026-03-16T12:35:00.000Z,2026-03-16T12:35:00.000Z,1,1,0,1,2026-06-02T18:42:05.560Z
Royal Mail:TRACK-0168,TRACK-0168,false,false,1,1,Royal Mail,London,GB,true,in_transit,in_transit,warehouse,2026-03-16T01:33:00.000Z,false,false,false,false,2026-03-16T01:33:00.000Z,2026-03-16T01:33:00.000Z,1,1,0,1,2026-06-02T18:42:05.560Z
Royal Mail:TRACK-0179,TRACK-0179,false,false,1,1,Royal Mail,London,GB,true,in_transit,in_transit,warehouse,2026-03-09T17:11:00.000Z,false,false,false,false,2026-03-09T17:11:00.000Z,2026-03-09T17:11:00.000Z,1,1,0,1,2026-06-02T18:42:05.560Z
Royal Mail:TRACK-0180,TRACK-0180,false,false,1,1,Royal Mail,London,GB,true,in_transit,in_transit,warehouse,2026-03-17T09:46:00.000Z,false,false,false,false,2026-03-17T09:46:00.000Z,2026-03-17T09:46:00.000Z,1,1,0,1,2026-06-02T18:42:05.560Z
Royal Mail:TRACK-0187,TRACK-0187,false,false,1,1,Royal Mail,London,GB,true,packed,packed,warehouse,2026-03-05T08:47:00.000Z,false,false,false,false,2026-03-05T08:47:00.000Z,2026-03-05T08:47:00.000Z,1,1,0,1,2026-06-02T18:42:05.560Z
Royal Mail:TRACK-0190,TRACK-0190,false,false,1,1,Royal Mail,London,GB,true,shipped,shipped,warehouse,2026-03-06T11:45:00.000Z,false,false,false,false,2026-03-06T11:45:00.000Z,2026-03-06T11:45:00.000Z,1,1,0,1,2026-06-02T18:42:05.560Z
Royal Mail:TRACK-0192,TRACK-0192,false,false,1,1,Royal Mail,London,GB,true,received,received,warehouse,2026-03-19T00:59:00.000Z,false,false,false,false,2026-03-19T00:59:00.000Z,2026-03-19T00:59:00.000Z,1,1,0,1,2026-06-02T18:42:05.560Z
Royal Mail:TRACK-0197,TRACK-0197,false,false,1,1,Royal Mail,London,GB,true,cancelled,cancelled,warehouse,2026-03-17T07:38:00.000Z,true,false,false,false,2026-03-17T07:38:00.000Z,2026-03-17T07:38:00.000Z,1,1,0,1,2026-06-02T18:42:05.560Z
Royal Mail:TRACK-0200,TRACK-0200,false,false,1,1,Royal Mail,London,GB,true,in_transit,in_transit,warehouse,2026-03-02T14:10:00.000Z,false,false,false,false,2026-03-02T14:10:00.000Z,2026-03-02T14:10:00.000Z,1,1,0,1,2026-06-02T18:42:05.560Z
Royal Mail:TRACK-0211,TRACK-0211,false,false,1,1,Royal Mail,London,GB,true,packed,packed,warehouse,2026-03-15T14:17:00.000Z,false,false,false,false,2026-03-15T14:17:00.000Z,2026-03-15T14:17:00.000Z,1,1,0,1,2026-06-02T18:42:05.560Z
Royal Mail:TRACK-0220,TRACK-0220,false,false,1,1,Royal Mail,London,GB,true,in_transit,in_transit,warehouse,2026-03-05T15:46:00.000Z,false,false,false,false,2026-03-05T15:46:00.000Z,2026-03-05T15:46:00.000Z,1,1,0,1,2026-06-02T18:42:05.560Z
Royal Mail:TRACK-0223,TRACK-0223,false,false,1,1,Royal Mail,London,GB,true,exception,exception,warehouse,2026-03-12T21:50:00.000Z,false,false,false,false,2026-03-12T21:50:00.000Z,2026-03-12T21:50:00.000Z,1,1,0,1,2026-06-02T18:42:05.560Z
Royal Mail:TRACK-0238,TRACK-0238,false,false,1,1,Royal Mail,London,GB,true,in_transit,in_transit,warehouse,2026-03-16T04:10:00.000Z,false,false,false,false,2026-03-16T04:10:00.000Z,2026-03-16T04:10:00.000Z,1,1,0,1,2026-06-02T18:42:05.560Z
Royal Mail:TRACK-0250,TRACK-0250,false,false,1,1,Royal Mail,London,GB,true,shipped,shipped,warehouse,2026-03-07T21:58:00.000Z,false,false,false,false,2026-03-07T21:58:00.000Z,2026-03-07T21:58:00.000Z,1,1,0,1,2026-06-02T18:42:05.560Z
UPS:1Z000009A,1Z000009A,false,false,1,0,UPS,null,null,false,delivered,DELIVERED,carrier,2026-03-05T20:12:00.000Z,true,false,false,false,2026-03-04T04:10:00.000Z,2026-03-05T20:12:00.000Z,6,0,6,1,2026-06-02T18:42:05.560Z
UPS:1Z000022A,1Z000022A,false,false,1,0,UPS,null,null,false,delivered,DELIVERED,carrier,2026-03-17T07:14:00.000Z,true,false,false,false,2026-03-15T03:13:00.000Z,2026-03-17T07:14:00.000Z,4,0,4,1,2026-06-02T18:42:05.560Z
UPS:1Z000041A,1Z000041A,false,false,1,0,UPS,null,null,false,delivered,DELIVERED,carrier,2026-03-24T22:59:00.000Z,true,false,false,false,2026-03-23T04:39:00.000Z,2026-03-24T22:59:00.000Z,4,0,4,1,2026-06-02T18:42:05.560Z
UPS:1Z000053A,1Z000053A,false,false,1,0,UPS,null,null,false,delivered,DELIVERED,carrier,2026-03-27T08:53:00.000Z,true,false,false,false,2026-03-24T04:00:00.000Z,2026-03-27T08:53:00.000Z,6,0,6,1,2026-06-02T18:42:05.560Z
UPS:1Z000065A,1Z000065A,false,false,1,0,UPS,null,null,false,delivered,DELIVERED,carrier,2026-03-17T02:51:00.000Z,true,false,false,false,2026-03-15T13:37:00.000Z,2026-03-17T02:51:00.000Z,6,0,6,1,2026-06-02T18:42:05.560Z
UPS:1Z000076A,1Z000076A,false,false,1,0,UPS,null,null,false,cancelled,CANCELLED,carrier,2026-03-21T10:23:00.000Z,true,false,false,false,2026-03-20T23:12:00.000Z,2026-03-21T10:23:00.000Z,2,0,2,1,2026-06-02T18:42:05.560Z
UPS:TRACK-0002,TRACK-0002,false,false,1,1,UPS,Los Angeles,US,true,in_transit,in_transit,warehouse,2026-03-03T18:15:00.000Z,false,false,false,false,2026-03-03T18:15:00.000Z,2026-03-03T18:15:00.000Z,1,1,0,1,2026-06-02T18:42:05.560Z
UPS:TRACK-0019,TRACK-0019,false,false,1,1,UPS,Singapore,SG,true,delivered,delivered,warehouse,2026-03-16T10:14:00.000Z,true,false,false,false,2026-03-16T10:14:00.000Z,2026-03-16T10:14:00.000Z,1,1,0,1,2026-06-02T18:42:05.560Z
UPS:TRACK-0023,TRACK-0023,false,false,1,1,UPS,Singapore,SG,true,packed,packed,warehouse,2026-03-18T05:33:00.000Z,false,false,false,false,2026-03-18T05:33:00.000Z,2026-03-18T05:33:00.000Z,1,1,0,1,2026-06-02T18:42:05.560Z
UPS:TRACK-0026,TRACK-0026,false,false,1,1,UPS,Los Angeles,US,true,packed,packed,warehouse,2026-03-07T18:03:00.000Z,false,false,false,false,2026-03-07T18:03:00.000Z,2026-03-07T18:03:00.000Z,1,1,0,1,2026-06-02T18:42:05.560Z
UPS:TRACK-0032,TRACK-0032,false,false,1,1,UPS,Singapore,SG,true,packed,packed,warehouse,2026-03-21T12:38:00.000Z,false,false,false,false,2026-03-21T12:38:00.000Z,2026-03-21T12:38:00.000Z,1,1,0,1,2026-06-02T18:42:05.560Z
UPS:TRACK-0039,TRACK-0039,false,false,1,1,UPS,Singapore,SG,true,shipped,shipped,warehouse,2026-03-04T08:29:00.000Z,false,false,false,true,2026-03-04T08:29:00.000Z,2026-03-04T08:29:00.000Z,1,1,0,1,2026-06-02T18:42:05.560Z
UPS:TRACK-0047,TRACK-0047,false,false,1,1,UPS,Los Angeles,US,true,delivered,delivered,warehouse,2026-03-06T02:58:00.000Z,true,false,false,false,2026-03-06T02:58:00.000Z,2026-03-06T02:58:00.000Z,1,1,0,1,2026-06-02T18:42:05.560Z
UPS:TRACK-0048,TRACK-0048,false,false,1,1,UPS,Los Angeles,US,true,in_transit,in_transit,warehouse,2026-03-02T13:45:00.000Z,false,false,false,false,2026-03-02T13:45:00.000Z,2026-03-02T13:45:00.000Z,1,1,0,1,2026-06-02T18:42:05.560Z
UPS:TRACK-0052,TRACK-0052,false,false,1,1,UPS,Los Angeles,US,true,in_transit,IN_TRANSIT,warehouse,2026-03-17T06:20:00.000Z,false,false,false,false,2026-03-17T06:20:00.000Z,2026-03-17T06:20:00.000Z,1,1,0,1,2026-06-02T18:42:05.560Z
UPS:TRACK-0053,TRACK-0053,false,false,1,1,UPS,Los Angeles,US,true,in_transit,in_transit,warehouse,2026-03-06T15:14:00.000Z,false,false,false,false,2026-03-06T15:14:00.000Z,2026-03-06T15:14:00.000Z,1,1,0,1,2026-06-02T18:42:05.560Z
UPS:TRACK-0071,TRACK-0071,false,false,1,1,UPS,Singapore,SG,true,delivered,delivered,warehouse,2026-03-04T04:56:00.000Z,true,false,false,false,2026-03-04T04:56:00.000Z,2026-03-04T04:56:00.000Z,1,1,0,1,2026-06-02T18:42:05.560Z
UPS:TRACK-0081,TRACK-0081,false,false,1,1,UPS,Los Angeles,US,true,shipped,SHIPPED,warehouse,2026-03-08T00:33:00.000Z,false,false,false,false,2026-03-08T00:33:00.000Z,2026-03-08T00:33:00.000Z,1,1,0,1,2026-06-02T18:42:05.560Z
UPS:TRACK-0087,TRACK-0087,false,false,1,1,UPS,Los Angeles,US,true,delivered,delivered,warehouse,2026-03-22T04:49:00.000Z,true,false,false,false,2026-03-22T04:49:00.000Z,2026-03-22T04:49:00.000Z,1,1,0,1,2026-06-02T18:42:05.560Z
UPS:TRACK-0099,TRACK-0099,false,false,1,1,UPS,Los Angeles,US,true,in_transit,in_transit,warehouse,2026-03-19T02:03:00.000Z,false,false,false,false,2026-03-19T02:03:00.000Z,2026-03-19T02:03:00.000Z,1,1,0,1,2026-06-02T18:42:05.560Z
UPS:TRACK-0103,TRACK-0103,false,false,1,1,UPS,Singapore,SG,true,shipped,shipped,warehouse,2026-03-10T09:52:00.000Z,false,false,false,false,2026-03-10T09:52:00.000Z,2026-03-10T09:52:00.000Z,1,1,0,1,2026-06-02T18:42:05.560Z
UPS:TRACK-0109,TRACK-0109,false,false,1,1,UPS,Los Angeles,US,true,in_transit,in_transit,warehouse,2026-03-04T10:05:00.000Z,false,false,false,false,2026-03-04T10:05:00.000Z,2026-03-04T10:05:00.000Z,1,1,0,1,2026-06-02T18:42:05.560Z
UPS:TRACK-0115,TRACK-0115,false,false,1,1,UPS,Singapore,SG,true,packed,Packed,warehouse,2026-03-17T07:48:00.000Z,false,false,false,false,2026-03-17T07:48:00.000Z,2026-03-17T07:48:00.000Z,1,1,0,1,2026-06-02T18:42:05.560Z
UPS:TRACK-0129,TRACK-0129,false,false,1,1,UPS,Singapore,SG,true,in_transit,in_transit,warehouse,2026-03-15T14:22:00.000Z,false,false,false,false,2026-03-15T14:22:00.000Z,2026-03-15T14:22:00.000Z,1,1,0,1,2026-06-02T18:42:05.560Z
UPS:TRACK-0138,TRACK-0138,false,false,1,1,UPS,Singapore,SG,true,packed,packed,warehouse,2026-03-17T12:32:00.000Z,false,false,false,true,2026-03-17T12:32:00.000Z,2026-03-17T12:32:00.000Z,1,1,0,1,2026-06-02T18:42:05.560Z
UPS:TRACK-0142,TRACK-0142,false,false,1,1,UPS,Singapore,SG,true,in_transit,in_transit,warehouse,2026-03-16T23:19:00.000Z,false,false,false,false,2026-03-16T23:19:00.000Z,2026-03-16T23:19:00.000Z,1,1,0,1,2026-06-02T18:42:05.560Z
UPS:TRACK-0147,TRACK-0147,false,false,1,1,UPS,Singapore,SG,true,in_transit,in_transit,warehouse,2026-03-16T15:26:00.000Z,false,false,false,false,2026-03-16T15:26:00.000Z,2026-03-16T15:26:00.000Z,1,1,0,1,2026-06-02T18:42:05.560Z
UPS:TRACK-0149,TRACK-0149,false,false,1,1,UPS,Los Angeles,US,true,in_transit,in_transit,warehouse,2026-03-06T11:35:00.000Z,false,false,false,false,2026-03-06T11:35:00.000Z,2026-03-06T11:35:00.000Z,1,1,0,1,2026-06-02T18:42:05.560Z
UPS:TRACK-0155,TRACK-0155,false,false,1,1,UPS,Singapore,SG,true,in_transit,in_transit,warehouse,2026-03-02T19:02:00.000Z,false,false,false,false,2026-03-02T19:02:00.000Z,2026-03-02T19:02:00.000Z,1,1,0,1,2026-06-02T18:42:05.560Z
UPS:TRACK-0164,TRACK-0164,false,false,1,1,UPS,Singapore,SG,true,processing,processing,warehouse,2026-03-15T22:57:00.000Z,false,false,false,false,2026-03-15T22:57:00.000Z,2026-03-15T22:57:00.000Z,1,1,0,1,2026-06-02T18:42:05.560Z
UPS:TRACK-0167,TRACK-0167,false,false,1,1,UPS,Los Angeles,US,true,shipped,Shipped,warehouse,2026-03-16T08:29:00.000Z,false,false,false,false,2026-03-16T08:29:00.000Z,2026-03-16T08:29:00.000Z,1,1,0,1,2026-06-02T18:42:05.560Z
UPS:TRACK-0168,TRACK-0168,false,false,1,1,UPS,Los Angeles,US,true,processing,processing,warehouse,2026-03-11T16:46:00.000Z,false,false,false,true,2026-03-11T16:46:00.000Z,2026-03-11T16:46:00.000Z,1,1,0,1,2026-06-02T18:42:05.560Z
UPS:TRACK-0169,TRACK-0169,false,false,1,1,UPS,Singapore,SG,true,packed,packed,warehouse,2026-03-08T14:33:00.000Z,false,false,false,true,2026-03-08T14:33:00.000Z,2026-03-08T14:33:00.000Z,1,1,0,1,2026-06-02T18:42:05.560Z
UPS:TRACK-0181,TRACK-0181,false,false,1,1,UPS,Singapore,SG,true,in_transit,in_transit,warehouse,2026-03-14T12:09:00.000Z,false,false,false,false,2026-03-14T12:09:00.000Z,2026-03-14T12:09:00.000Z,1,1,0,1,2026-06-02T18:42:05.560Z
UPS:TRACK-0187,TRACK-0187,false,false,1,1,UPS,Singapore,SG,true,in_transit,IN_TRANSIT,warehouse,2026-03-08T09:11:00.000Z,false,false,false,false,2026-03-08T09:11:00.000Z,2026-03-08T09:11:00.000Z,1,1,0,1,2026-06-02T18:42:05.560Z
UPS:TRACK-0190,TRACK-0190,false,false,1,1,UPS,Singapore,SG,true,shipped,shipped,warehouse,2026-03-06T07:21:00.000Z,false,false,false,false,2026-03-06T07:21:00.000Z,2026-03-06T07:21:00.000Z,1,1,0,1,2026-06-02T18:42:05.560Z
UPS:TRACK-0198,TRACK-0198,false,false,1,1,UPS,Singapore,SG,true,shipped,shipped,warehouse,2026-03-08T06:32:00.000Z,false,false,false,false,2026-03-08T06:32:00.000Z,2026-03-08T06:32:00.000Z,1,1,0,1,2026-06-02T18:42:05.560Z
UPS:TRACK-0203,TRACK-0203,false,false,1,1,UPS,Singapore,SG,true,delivered,delivered,warehouse,2026-03-15T08:02:00.000Z,true,false,false,true,2026-03-15T08:02:00.000Z,2026-03-15T08:02:00.000Z,1,1,0,1,2026-06-02T18:42:05.560Z
UPS:TRACK-0207,TRACK-0207,false,true,1,2,null,null,null,false,delivered,delivered,warehouse,2026-03-06T11:53:00.000Z,true,false,false,true,2026-03-02T03:07:00.000Z,2026-03-06T11:53:00.000Z,2,2,0,1,2026-06-02T18:42:05.560Z
UPS:TRACK-0210,TRACK-0210,false,false,1,1,UPS,Los Angeles,US,true,delivered,delivered,warehouse,2026-03-03T06:06:00.000Z,true,false,false,false,2026-03-03T06:06:00.000Z,2026-03-03T06:06:00.000Z,1,1,0,1,2026-06-02T18:42:05.560Z
UPS:TRACK-0220,TRACK-0220,false,false,1,1,UPS,Singapore,SG,true,in_transit,in_transit,warehouse,2026-03-01T11:02:00.000Z,false,false,false,false,2026-03-01T11:02:00.000Z,2026-03-01T11:02:00.000Z,1,1,0,1,2026-06-02T18:42:05.560Z
UPS:TRACK-0236,TRACK-0236,false,true,1,2,null,null,null,false,delivered,delivered,warehouse,2026-03-02T12:02:00.000Z,true,false,true,false,2026-03-02T12:02:00.000Z,2026-03-22T08:21:00.000Z,2,2,0,1,2026-06-02T18:42:05.560Z
UPS:TRACK-0238,TRACK-0238,false,false,1,1,UPS,Singapore,SG,true,processing,processing,warehouse,2026-03-10T06:29:00.000Z,false,false,false,false,2026-03-10T06:29:00.000Z,2026-03-10T06:29:00.000Z,1,1,0,1,2026-06-02T18:42:05.560Z
UPS:TRACK-0246,TRACK-0246,false,false,1,1,UPS,Los Angeles,US,true,delivered,delivered,warehouse,2026-03-05T15:17:00.000Z,true,false,false,false,2026-03-05T15:17:00.000Z,2026-03-05T15:17:00.000Z,1,1,0,1,2026-06-02T18:42:05.560Z
UPS:TRACK-0247,TRACK-0247,false,false,1,1,UPS,Los Angeles,US,true,packed,packed,warehouse,2026-03-22T01:28:00.000Z,false,false,false,false,2026-03-22T01:28:00.000Z,2026-03-22T01:28:00.000Z,1,1,0,1,2026-06-02T18:42:05.560Z
UPS:TRACK-0253,TRACK-0253,false,false,1,1,UPS,Singapore,SG,true,shipped,shipped,warehouse,2026-03-03T06:40:00.000Z,false,false,false,false,2026-03-03T06:40:00.000Z,2026-03-03T06:40:00.000Z,1,1,0,1,2026-06-02T18:42:05.560Z
UPS:TRK-0018,TRK-0018,false,false,1,0,UPS,null,null,false,returned,RETURNED,carrier,2026-03-26T20:29:00.000Z,true,false,false,false,2026-03-25T06:05:00.000Z,2026-03-26T20:29:00.000Z,4,0,4,1,2026-06-02T18:42:05.560Z
UPS:TRK-0019,TRK-0019,false,false,1,0,UPS,null,null,false,delivered,DELIVERED,carrier,2026-03-09T00:32:00.000Z,true,false,false,false,2026-03-07T09:51:00.000Z,2026-03-09T00:32:00.000Z,4,0,4,1,2026-06-02T18:42:05.560Z
UPS:TRK-0027,TRK-0027,false,false,1,0,UPS,null,null,false,returned,RETURNED,carrier,2026-03-03T11:50:00.000Z,true,false,false,false,2026-03-02T00:01:00.000Z,2026-03-03T11:50:00.000Z,4,0,4,1,2026-06-02T18:42:05.560Z
UPS:TRK-0043,TRK-0043,false,false,1,0,UPS,null,null,false,returned,RETURNED,carrier,2026-03-10T05:21:00.000Z,true,false,false,false,2026-03-08T00:32:00.000Z,2026-03-10T05:21:00.000Z,4,0,4,1,2026-06-02T18:42:05.560Z
UPS:TRK-0050,TRK-0050,false,false,1,0,UPS,null,null,false,delivered,DELIVERED,carrier,2026-03-27T08:51:00.000Z,true,false,false,false,2026-03-25T15:26:00.000Z,2026-03-27T08:51:00.000Z,5,0,5,1,2026-06-02T18:42:05.560Z
UPS:TRK-0059,TRK-0059,false,false,1,0,UPS,null,null,false,delivered,DELIVERED,carrier,2026-03-16T17:37:00.000Z,true,false,false,false,2026-03-13T14:27:00.000Z,2026-03-16T17:37:00.000Z,5,0,5,1,2026-06-02T18:42:05.560Z
UPS:TRK-0068,TRK-0068,false,false,1,0,UPS,null,null,false,cancelled,CANCELLED,carrier,2026-03-08T16:06:00.000Z,true,false,false,false,2026-03-08T06:15:00.000Z,2026-03-08T16:06:00.000Z,2,0,2,1,2026-06-02T18:42:05.560Z
UPS:TRK-166,TRK-166,false,false,1,1,UPS,Singapore,SG,true,delivered,delivered,warehouse,2026-03-18T19:53:00.000Z,true,false,false,false,2026-03-18T19:53:00.000Z,2026-03-18T19:53:00.000Z,1,1,0,1,2026-06-02T18:42:05.560Z
UPS:TRK-206,TRK-206,false,false,1,1,UPS,Los Angeles,US,true,in_transit,in_transit,warehouse,2026-03-03T08:39:00.000Z,false,false,false,false,2026-03-03T08:39:00.000Z,2026-03-03T08:39:00.000Z,1,1,0,1,2026-06-02T18:42:05.560Z
UPS:TRK-3,TRK-3,false,false,1,1,UPS,Singapore,SG,true,exception,EXCEPTION,carrier,2026-03-02T22:40:00.000Z,false,false,false,false,2026-03-01T05:40:00.000Z,2026-03-02T22:40:00.000Z,3,2,1,2,2026-06-02T18:42:05.560Z
UPS:UPS-0011,UPS-0011,false,false,1,0,UPS,null,null,false,cancelled,CANCELLED,carrier,2026-03-24T05:00:00.000Z,true,false,false,false,2026-03-23T04:41:00.000Z,2026-03-24T05:00:00.000Z,2,0,2,1,2026-06-02T18:42:05.560Z
UPS:UPS-0016,UPS-0016,false,false,1,0,UPS,null,null,false,delivered,DELIVERED,carrier,2026-03-08T19:52:00.000Z,true,false,false,false,2026-03-06T09:26:00.000Z,2026-03-08T19:52:00.000Z,5,0,5,1,2026-06-02T18:42:05.560Z
UPS:UPS-0024,UPS-0024,false,false,1,0,UPS,null,null,false,delivered,DELIVERED,carrier,2026-03-17T03:33:00.000Z,true,false,false,false,2026-03-14T03:44:00.000Z,2026-03-17T03:33:00.000Z,5,0,5,1,2026-06-02T18:42:05.560Z
UPS:UPS-0036,UPS-0036,false,false,1,0,UPS,null,null,false,delivered,DELIVERED,carrier,2026-03-03T18:51:00.000Z,true,false,false,false,2026-03-01T20:10:00.000Z,2026-03-03T18:51:00.000Z,4,0,4,1,2026-06-02T18:42:05.560Z
UPS:UPS-0055,UPS-0055,false,false,1,0,UPS,null,null,false,cancelled,CANCELLED,carrier,2026-03-12T08:27:00.000Z,true,false,false,false,2026-03-11T19:49:00.000Z,2026-03-12T08:27:00.000Z,2,0,2,1,2026-06-02T18:42:05.560Z
UPS:UPS-0075,UPS-0075,false,false,1,0,UPS,null,null,false,delivered,DELIVERED,carrier,2026-03-24T13:19:00.000Z,true,false,false,false,2026-03-22T18:35:00.000Z,2026-03-24T13:19:00.000Z,4,0,4,1,2026-06-02T18:42:05.560Z
WH:WH-AMS|ORD:ORD-9069,null,true,false,1,1,PostNL,Amsterdam,NL,true,in_transit,in_transit,warehouse,2026-03-01T06:43:00.000Z,false,false,false,false,2026-03-01T06:43:00.000Z,2026-03-01T06:43:00.000Z,1,1,0,1,2026-06-02T18:42:05.560Z
WH:WH-AMS|ORD:ORD-9073,null,true,false,1,1,DHL,Amsterdam,NL,true,shipped,shipped,warehouse,2026-03-09T00:18:00.000Z,false,false,false,false,2026-03-09T00:18:00.000Z,2026-03-09T00:18:00.000Z,1,1,0,1,2026-06-02T18:42:05.560Z
WH:WH-AMS|ORD:ORD-9079,null,true,false,1,1,DHL,Amsterdam,NL,true,processing,processing,warehouse,2026-03-12T12:40:00.000Z,false,false,false,false,2026-03-12T12:40:00.000Z,2026-03-12T12:40:00.000Z,1,1,0,1,2026-06-02T18:42:05.560Z
WH:WH-DXB|ORD:ORD-9008,null,true,false,1,1,Aramex,Dubai,AE,true,processing,processing,warehouse,2026-03-11T14:56:00.000Z,false,false,false,false,2026-03-11T14:56:00.000Z,2026-03-11T14:56:00.000Z,1,1,0,1,2026-06-02T18:42:05.560Z
WH:WH-DXB|ORD:ORD-9129,null,true,false,1,1,Aramex,Dubai,AE,true,packed,packed,warehouse,2026-03-13T15:16:00.000Z,false,false,false,false,2026-03-13T15:16:00.000Z,2026-03-13T15:16:00.000Z,1,1,0,1,2026-06-02T18:42:05.560Z
WH:WH-LAX|ORD:ORD-9031,null,true,false,1,1,UPS,Los Angeles,US,true,in_transit,in_transit,warehouse,2026-03-09T14:18:00.000Z,false,false,false,false,2026-03-09T14:18:00.000Z,2026-03-09T14:18:00.000Z,1,1,0,1,2026-06-02T18:42:05.560Z
WH:WH-LHR|ORD:ORD-9005,null,true,false,1,1,Royal Mail,London,GB,true,packed,packed,warehouse,2026-03-03T10:00:00.000Z,false,false,false,false,2026-03-03T10:00:00.000Z,2026-03-03T10:00:00.000Z,1,1,0,1,2026-06-02T18:42:05.560Z
WH:WH-LHR|ORD:ORD-9055,null,true,false,1,1,Royal Mail,London,GB,true,shipped,shipped,warehouse,2026-03-13T10:20:00.000Z,false,false,false,false,2026-03-13T10:20:00.000Z,2026-03-13T10:20:00.000Z,1,1,0,1,2026-06-02T18:42:05.560Z
WH:WH-LHR|ORD:ORD-9209,null,true,false,1,1,DHL,London,GB,true,packed,packed,warehouse,2026-03-02T06:56:00.000Z,false,false,false,false,2026-03-02T06:56:00.000Z,2026-03-02T06:56:00.000Z,1,1,0,1,2026-06-02T18:42:05.560Z
WH:WH-SIN|ORD:ORD-9025,null,true,false,1,1,Ninja Van,Singapore,SG,true,delivered,delivered,warehouse,2026-03-10T13:11:00.000Z,true,false,false,false,2026-03-10T13:11:00.000Z,2026-03-10T13:11:00.000Z,1,1,0,1,2026-06-02T18:42:05.560Z
WH:WH-SIN|ORD:ORD-9053,null,true,false,1,1,Ninja Van,Singapore,SG,true,shipped,shipped,warehouse,2026-03-01T09:35:00.000Z,false,false,false,false,2026-03-01T09:35:00.000Z,2026-03-01T09:35:00.000Z,1,1,0,1,2026-06-02T18:42:05.560Z
WH:WH-SIN|ORD:ORD-9076,null,true,false,1,1,Ninja Van,Singapore,SG,true,shipped,shipped,warehouse,2026-03-14T20:19:00.000Z,false,false,false,false,2026-03-14T20:19:00.000Z,2026-03-14T20:19:00.000Z,1,1,0,1,2026-06-02T18:42:05.560Z
WH:WH-SIN|ORD:ORD-9101,null,true,false,1,1,Ninja Van,Singapore,SG,true,in_transit,in_transit,warehouse,2026-03-13T19:55:00.000Z,false,false,false,true,2026-03-13T19:55:00.000Z,2026-03-13T19:55:00.000Z,1,1,0,1,2026-06-02T18:42:05.560Z
WH:WH-SIN|ORD:ORD-9102,null,true,false,1,1,UPS,Singapore,SG,true,delivered,delivered,warehouse,2026-03-02T09:21:00.000Z,true,false,false,false,2026-03-02T09:21:00.000Z,2026-03-02T09:21:00.000Z,1,1,0,1,2026-06-02T18:42:05.560Z
WH:WH-SIN|ORD:ORD-9176,null,true,false,1,1,Ninja Van,Singapore,SG,true,packed,packed,warehouse,2026-03-18T22:06:00.000Z,false,false,false,true,2026-03-18T22:06:00.000Z,2026-03-18T22:06:00.000Z,1,1,0,1,2026-06-02T18:42:05.560Z
WH:WH-SIN|ORD:ORD-9253,null,true,false,1,1,UPS,Singapore,SG,true,packed,packed,warehouse,2026-03-15T16:47:00.000Z,false,false,false,false,2026-03-15T16:47:00.000Z,2026-03-15T16:47:00.000Z,1,1,0,1,2026-06-02T18:42:05.560Z
WH:WH-SYD|ORD:ORD-9042,null,true,false,1,1,DHL,Sydney,AU,true,shipped,shipped,warehouse,2026-03-15T17:49:00.000Z,false,false,false,true,2026-03-15T17:49:00.000Z,2026-03-15T17:49:00.000Z,1,1,0,1,2026-06-02T18:42:05.560Z
WH:WH-SYD|ORD:ORD-9214,null,true,false,1,1,Australia Post,Sydney,AU,true,processing,processing,warehouse,2026-03-10T00:57:00.000Z,false,false,false,false,2026-03-10T00:57:00.000Z,2026-03-10T00:57:00.000Z,1,1,0,1,2026-06-02T18:42:05.560Z
